bzn,zone_name,country,role,mean_usd_kwh,min_month_usd_kwh,max_month_usd_kwh,mean_eur_mwh,negative_hours,hour_count,months_covered,source_url,license,fx_usd_per_eur,fx_source_url,as_of_date,confidence,delivered_kw,marginal_opex_usd_per_gpu_hour,power_cost_usd_gpu_hour,shutdown_price_usd_gpu_hour,merit_rank,benchmark_id,compute_price_label,compute_price_usd_gpu_hour,headroom_pct,is_economic,power_share_of_revenue_pct,opex_assumption_usd_gpu_hour
FR,France,FR,constrained,0.0847279135875156,0.0460197140404166,0.1352171713765957,72.83003493101099,492,5183,9,https://api.energy-charts.info/price?bzn=FR&start=2026-01-01&end=2026-12-31,CC BY 4.0 (creativecommons.org/licenses/by/4.0) from Bundesnetzagentur | SMARD.de,1.163365,https://data-api.ecb.europa.eu/service/data/EXR/M.USD.EUR.SP00.A?format=csvdata&startPeriod=2026-01&endPeriod=2026-12,2026-08-03,high,1.0999999999999999,0.0,0.09320070494626714,0.09320070494626714,1,a100_on_demand,NVIDIA A100 (on demand),4.3159,0.9784052677433983,True,0.02159473225660167,0.0
SE4,Sweden SE4,SE,supply-rich,0.0902310626724959,0.0470813815499999,0.1239704639092447,77.5604068134214,85,5183,9,https://api.energy-charts.info/price?bzn=SE4&start=2026-01-01&end=2026-12-31,CC BY 4.0 (creativecommons.org/licenses/by/4.0) from Bundesnetzagentur | SMARD.de,1.163365,https://data-api.ecb.europa.eu/service/data/EXR/M.USD.EUR.SP00.A?format=csvdata&startPeriod=2026-01&endPeriod=2026-12,2026-08-03,high,1.0999999999999999,0.0,0.09925416893974547,0.09925416893974547,2,a100_on_demand,NVIDIA A100 (on demand),4.3159,0.9770026717626115,True,0.022997328237388603,0.0
NL,Netherlands,NL,constrained,0.11370083961838,0.0738067840124999,0.1408327589840425,97.7344510264449,313,5183,9,https://api.energy-charts.info/price?bzn=NL&start=2026-01-01&end=2026-12-31,CC BY 4.0 (creativecommons.org/licenses/by/4.0) from Bundesnetzagentur | SMARD.de,1.163365,https://data-api.ecb.europa.eu/service/data/EXR/M.USD.EUR.SP00.A?format=csvdata&startPeriod=2026-01&endPeriod=2026-12,2026-08-03,high,1.0999999999999999,0.0,0.12507092358021799,0.12507092358021799,3,a100_on_demand,NVIDIA A100 (on demand),4.3159,0.9710208940012007,True,0.02897910599879932,0.0
BE,Belgium,BE,constrained,0.1137556747020991,0.0904865297,0.1439149336606383,97.78158591852008,264,5183,9,https://api.energy-charts.info/price?bzn=BE&start=2026-01-01&end=2026-12-31,CC BY 4.0 (creativecommons.org/licenses/by/4.0) from Bundesnetzagentur | SMARD.de,1.163365,https://data-api.ecb.europa.eu/service/data/EXR/M.USD.EUR.SP00.A?format=csvdata&startPeriod=2026-01&endPeriod=2026-12,2026-08-03,high,1.0999999999999999,0.0,0.125131242172309,0.125131242172309,4,a100_on_demand,NVIDIA A100 (on demand),4.3159,0.971006918099977,True,0.02899308190002294,0.0
DE-LU,Germany/Luxembourg,DE,constrained,0.1138010921506527,0.0677980037875,0.1453192946708776,97.8206256425565,382,5183,9,https://api.energy-charts.info/price?bzn=DE-LU&start=2026-01-01&end=2026-12-31,CC BY 4.0 (creativecommons.org/licenses/by/4.0) from Bundesnetzagentur | SMARD.de,1.163365,https://data-api.ecb.europa.eu/service/data/EXR/M.USD.EUR.SP00.A?format=csvdata&startPeriod=2026-01&endPeriod=2026-12,2026-08-03,high,1.0999999999999999,0.0,0.12518120136571795,0.12518120136571795,5,a100_on_demand,NVIDIA A100 (on demand),4.3159,0.9709953424857577,True,0.029004657514242208,0.0
NO2,Norway NO2,NO,supply-rich,0.1141870814810376,0.074088900025,0.135583167243218,98.15241259711073,44,5183,9,https://api.energy-charts.info/price?bzn=NO2&start=2026-01-01&end=2026-12-31,CC BY 4.0 (creativecommons.org/licenses/by/4.0) from Bundesnetzagentur | SMARD.de,1.163365,https://data-api.ecb.europa.eu/service/data/EXR/M.USD.EUR.SP00.A?format=csvdata&startPeriod=2026-01&endPeriod=2026-12,2026-08-03,high,1.0999999999999999,0.0,0.12560578962914135,0.12560578962914135,6,a100_on_demand,NVIDIA A100 (on demand),4.3159,0.9708969647978078,True,0.029103035202192207,0.0
AT,Austria,AT,constrained,0.1295654371962836,0.1007163940122569,0.1645667553065356,111.3712697186899,243,5183,9,https://api.energy-charts.info/price?bzn=AT&start=2026-01-01&end=2026-12-31,CC BY 4.0 (creativecommons.org/licenses/by/4.0) from Bundesnetzagentur | SMARD.de,1.163365,https://data-api.ecb.europa.eu/service/data/EXR/M.USD.EUR.SP00.A?format=csvdata&startPeriod=2026-01&endPeriod=2026-12,2026-08-03,high,1.0999999999999999,0.0,0.14252198091591195,0.14252198091591195,7,a100_on_demand,NVIDIA A100 (on demand),4.3159,0.9669774598772187,True,0.03302254012278133,0.0
FR,France,FR,constrained,0.0847279135875156,0.0460197140404166,0.1352171713765957,72.83003493101099,492,5183,9,https://api.energy-charts.info/price?bzn=FR&start=2026-01-01&end=2026-12-31,CC BY 4.0 (creativecommons.org/licenses/by/4.0) from Bundesnetzagentur | SMARD.de,1.163365,https://data-api.ecb.europa.eu/service/data/EXR/M.USD.EUR.SP00.A?format=csvdata&startPeriod=2026-01&endPeriod=2026-12,2026-08-03,high,1.0999999999999999,0.0,0.09320070494626714,0.09320070494626714,1,a100_reserved_1yr,NVIDIA A100 (reserved 1yr),2.8332,0.9671040855053413,True,0.032895914494658736,0.0
SE4,Sweden SE4,SE,supply-rich,0.0902310626724959,0.0470813815499999,0.1239704639092447,77.5604068134214,85,5183,9,https://api.energy-charts.info/price?bzn=SE4&start=2026-01-01&end=2026-12-31,CC BY 4.0 (creativecommons.org/licenses/by/4.0) from Bundesnetzagentur | SMARD.de,1.163365,https://data-api.ecb.europa.eu/service/data/EXR/M.USD.EUR.SP00.A?format=csvdata&startPeriod=2026-01&endPeriod=2026-12,2026-08-03,high,1.0999999999999999,0.0,0.09925416893974547,0.09925416893974547,2,a100_reserved_1yr,NVIDIA A100 (reserved 1yr),2.8332,0.9649674682550665,True,0.035032531744933454,0.0
NL,Netherlands,NL,constrained,0.11370083961838,0.0738067840124999,0.1408327589840425,97.7344510264449,313,5183,9,https://api.energy-charts.info/price?bzn=NL&start=2026-01-01&end=2026-12-31,CC BY 4.0 (creativecommons.org/licenses/by/4.0) from Bundesnetzagentur | SMARD.de,1.163365,https://data-api.ecb.europa.eu/service/data/EXR/M.USD.EUR.SP00.A?format=csvdata&startPeriod=2026-01&endPeriod=2026-12,2026-08-03,high,1.0999999999999999,0.0,0.12507092358021799,0.12507092358021799,3,a100_reserved_1yr,NVIDIA A100 (reserved 1yr),2.8332,0.9558552436890378,True,0.04414475631096215,0.0
BE,Belgium,BE,constrained,0.1137556747020991,0.0904865297,0.1439149336606383,97.78158591852008,264,5183,9,https://api.energy-charts.info/price?bzn=BE&start=2026-01-01&end=2026-12-31,CC BY 4.0 (creativecommons.org/licenses/by/4.0) from Bundesnetzagentur | SMARD.de,1.163365,https://data-api.ecb.europa.eu/service/data/EXR/M.USD.EUR.SP00.A?format=csvdata&startPeriod=2026-01&endPeriod=2026-12,2026-08-03,high,1.0999999999999999,0.0,0.125131242172309,0.125131242172309,4,a100_reserved_1yr,NVIDIA A100 (reserved 1yr),2.8332,0.9558339537723037,True,0.044166046227696244,0.0
DE-LU,Germany/Luxembourg,DE,constrained,0.1138010921506527,0.0677980037875,0.1453192946708776,97.8206256425565,382,5183,9,https://api.energy-charts.info/price?bzn=DE-LU&start=2026-01-01&end=2026-12-31,CC BY 4.0 (creativecommons.org/licenses/by/4.0) from Bundesnetzagentur | SMARD.de,1.163365,https://data-api.ecb.europa.eu/service/data/EXR/M.USD.EUR.SP00.A?format=csvdata&startPeriod=2026-01&endPeriod=2026-12,2026-08-03,high,1.0999999999999999,0.0,0.12518120136571795,0.12518120136571795,5,a100_reserved_1yr,NVIDIA A100 (reserved 1yr),2.8332,0.9558163202859954,True,0.04418367971400464,0.0
NO2,Norway NO2,NO,supply-rich,0.1141870814810376,0.074088900025,0.135583167243218,98.15241259711073,44,5183,9,https://api.energy-charts.info/price?bzn=NO2&start=2026-01-01&end=2026-12-31,CC BY 4.0 (creativecommons.org/licenses/by/4.0) from Bundesnetzagentur | SMARD.de,1.163365,https://data-api.ecb.europa.eu/service/data/EXR/M.USD.EUR.SP00.A?format=csvdata&startPeriod=2026-01&endPeriod=2026-12,2026-08-03,high,1.0999999999999999,0.0,0.12560578962914135,0.12560578962914135,6,a100_reserved_1yr,NVIDIA A100 (reserved 1yr),2.8332,0.9556664585524702,True,0.04433354144752977,0.0
AT,Austria,AT,constrained,0.1295654371962836,0.1007163940122569,0.1645667553065356,111.3712697186899,243,5183,9,https://api.energy-charts.info/price?bzn=AT&start=2026-01-01&end=2026-12-31,CC BY 4.0 (creativecommons.org/licenses/by/4.0) from Bundesnetzagentur | SMARD.de,1.163365,https://data-api.ecb.europa.eu/service/data/EXR/M.USD.EUR.SP00.A?format=csvdata&startPeriod=2026-01&endPeriod=2026-12,2026-08-03,high,1.0999999999999999,0.0,0.14252198091591195,0.14252198091591195,7,a100_reserved_1yr,NVIDIA A100 (reserved 1yr),2.8332,0.949695757124131,True,0.05030424287586896,0.0
FR,France,FR,constrained,0.0847279135875156,0.0460197140404166,0.1352171713765957,72.83003493101099,492,5183,9,https://api.energy-charts.info/price?bzn=FR&start=2026-01-01&end=2026-12-31,CC BY 4.0 (creativecommons.org/licenses/by/4.0) from Bundesnetzagentur | SMARD.de,1.163365,https://data-api.ecb.europa.eu/service/data/EXR/M.USD.EUR.SP00.A?format=csvdata&startPeriod=2026-01&endPeriod=2026-12,2026-08-03,high,1.0999999999999999,0.0,0.09320070494626714,0.09320070494626714,1,a100_reserved_3yr,NVIDIA A100 (reserved 3yr),1.6584,0.9438008291447979,True,0.05619917085520208,0.0
SE4,Sweden SE4,SE,supply-rich,0.0902310626724959,0.0470813815499999,0.1239704639092447,77.5604068134214,85,5183,9,https://api.energy-charts.info/price?bzn=SE4&start=2026-01-01&end=2026-12-31,CC BY 4.0 (creativecommons.org/licenses/by/4.0) from Bundesnetzagentur | SMARD.de,1.163365,https://data-api.ecb.europa.eu/service/data/EXR/M.USD.EUR.SP00.A?format=csvdata&startPeriod=2026-01&endPeriod=2026-12,2026-08-03,high,1.0999999999999999,0.0,0.09925416893974547,0.09925416893974547,2,a100_reserved_3yr,NVIDIA A100 (reserved 3yr),1.6584,0.9401506458395167,True,0.05984935416048327,0.0
NL,Netherlands,NL,constrained,0.11370083961838,0.0738067840124999,0.1408327589840425,97.7344510264449,313,5183,9,https://api.energy-charts.info/price?bzn=NL&start=2026-01-01&end=2026-12-31,CC BY 4.0 (creativecommons.org/licenses/by/4.0) from Bundesnetzagentur | SMARD.de,1.163365,https://data-api.ecb.europa.eu/service/data/EXR/M.USD.EUR.SP00.A?format=csvdata&startPeriod=2026-01&endPeriod=2026-12,2026-08-03,high,1.0999999999999999,0.0,0.12507092358021799,0.12507092358021799,3,a100_reserved_3yr,NVIDIA A100 (reserved 3yr),1.6584,0.9245833794137616,True,0.07541662058623853,0.0
BE,Belgium,BE,constrained,0.1137556747020991,0.0904865297,0.1439149336606383,97.78158591852008,264,5183,9,https://api.energy-charts.info/price?bzn=BE&start=2026-01-01&end=2026-12-31,CC BY 4.0 (creativecommons.org/licenses/by/4.0) from Bundesnetzagentur | SMARD.de,1.163365,https://data-api.ecb.europa.eu/service/data/EXR/M.USD.EUR.SP00.A?format=csvdata&startPeriod=2026-01&endPeriod=2026-12,2026-08-03,high,1.0999999999999999,0.0,0.125131242172309,0.125131242172309,4,a100_reserved_3yr,NVIDIA A100 (reserved 3yr),1.6584,0.9245470078555783,True,0.07545299214442173,0.0
DE-LU,Germany/Luxembourg,DE,constrained,0.1138010921506527,0.0677980037875,0.1453192946708776,97.8206256425565,382,5183,9,https://api.energy-charts.info/price?bzn=DE-LU&start=2026-01-01&end=2026-12-31,CC BY 4.0 (creativecommons.org/licenses/by/4.0) from Bundesnetzagentur | SMARD.de,1.163365,https://data-api.ecb.europa.eu/service/data/EXR/M.USD.EUR.SP00.A?format=csvdata&startPeriod=2026-01&endPeriod=2026-12,2026-08-03,high,1.0999999999999999,0.0,0.12518120136571795,0.12518120136571795,5,a100_reserved_3yr,NVIDIA A100 (reserved 3yr),1.6584,0.9245168829198518,True,0.0754831170801483,0.0
NO2,Norway NO2,NO,supply-rich,0.1141870814810376,0.074088900025,0.135583167243218,98.15241259711073,44,5183,9,https://api.energy-charts.info/price?bzn=NO2&start=2026-01-01&end=2026-12-31,CC BY 4.0 (creativecommons.org/licenses/by/4.0) from Bundesnetzagentur | SMARD.de,1.163365,https://data-api.ecb.europa.eu/service/data/EXR/M.USD.EUR.SP00.A?format=csvdata&startPeriod=2026-01&endPeriod=2026-12,2026-08-03,high,1.0999999999999999,0.0,0.12560578962914135,0.12560578962914135,6,a100_reserved_3yr,NVIDIA A100 (reserved 3yr),1.6584,0.9242608600885545,True,0.07573913991144557,0.0
AT,Austria,AT,constrained,0.1295654371962836,0.1007163940122569,0.1645667553065356,111.3712697186899,243,5183,9,https://api.energy-charts.info/price?bzn=AT&start=2026-01-01&end=2026-12-31,CC BY 4.0 (creativecommons.org/licenses/by/4.0) from Bundesnetzagentur | SMARD.de,1.163365,https://data-api.ecb.europa.eu/service/data/EXR/M.USD.EUR.SP00.A?format=csvdata&startPeriod=2026-01&endPeriod=2026-12,2026-08-03,high,1.0999999999999999,0.0,0.14252198091591195,0.14252198091591195,7,a100_reserved_3yr,NVIDIA A100 (reserved 3yr),1.6584,0.9140605517873179,True,0.08593944821268207,0.0
FR,France,FR,constrained,0.0847279135875156,0.0460197140404166,0.1352171713765957,72.83003493101099,492,5183,9,https://api.energy-charts.info/price?bzn=FR&start=2026-01-01&end=2026-12-31,CC BY 4.0 (creativecommons.org/licenses/by/4.0) from Bundesnetzagentur | SMARD.de,1.163365,https://data-api.ecb.europa.eu/service/data/EXR/M.USD.EUR.SP00.A?format=csvdata&startPeriod=2026-01&endPeriod=2026-12,2026-08-03,high,1.0999999999999999,0.0,0.09320070494626714,0.09320070494626714,1,a100_spot,NVIDIA A100 (spot),0.8168,0.8858953171568719,True,0.11410468284312825,0.0
SE4,Sweden SE4,SE,supply-rich,0.0902310626724959,0.0470813815499999,0.1239704639092447,77.5604068134214,85,5183,9,https://api.energy-charts.info/price?bzn=SE4&start=2026-01-01&end=2026-12-31,CC BY 4.0 (creativecommons.org/licenses/by/4.0) from Bundesnetzagentur | SMARD.de,1.163365,https://data-api.ecb.europa.eu/service/data/EXR/M.USD.EUR.SP00.A?format=csvdata&startPeriod=2026-01&endPeriod=2026-12,2026-08-03,high,1.0999999999999999,0.0,0.09925416893974547,0.09925416893974547,2,a100_spot,NVIDIA A100 (spot),0.8168,0.8784841222579022,True,0.12151587774209778,0.0
NL,Netherlands,NL,constrained,0.11370083961838,0.0738067840124999,0.1408327589840425,97.7344510264449,313,5183,9,https://api.energy-charts.info/price?bzn=NL&start=2026-01-01&end=2026-12-31,CC BY 4.0 (creativecommons.org/licenses/by/4.0) from Bundesnetzagentur | SMARD.de,1.163365,https://data-api.ecb.europa.eu/service/data/EXR/M.USD.EUR.SP00.A?format=csvdata&startPeriod=2026-01&endPeriod=2026-12,2026-08-03,high,1.0999999999999999,0.0,0.12507092358021799,0.12507092358021799,3,a100_spot,NVIDIA A100 (spot),0.8168,0.846876929994836,True,0.15312307000516404,0.0
BE,Belgium,BE,constrained,0.1137556747020991,0.0904865297,0.1439149336606383,97.78158591852008,264,5183,9,https://api.energy-charts.info/price?bzn=BE&start=2026-01-01&end=2026-12-31,CC BY 4.0 (creativecommons.org/licenses/by/4.0) from Bundesnetzagentur | SMARD.de,1.163365,https://data-api.ecb.europa.eu/service/data/EXR/M.USD.EUR.SP00.A?format=csvdata&startPeriod=2026-01&endPeriod=2026-12,2026-08-03,high,1.0999999999999999,0.0,0.125131242172309,0.125131242172309,4,a100_spot,NVIDIA A100 (spot),0.8168,0.8468030825510419,True,0.15319691744895814,0.0
DE-LU,Germany/Luxembourg,DE,constrained,0.1138010921506527,0.0677980037875,0.1453192946708776,97.8206256425565,382,5183,9,https://api.energy-charts.info/price?bzn=DE-LU&start=2026-01-01&end=2026-12-31,CC BY 4.0 (creativecommons.org/licenses/by/4.0) from Bundesnetzagentur | SMARD.de,1.163365,https://data-api.ecb.europa.eu/service/data/EXR/M.USD.EUR.SP00.A?format=csvdata&startPeriod=2026-01&endPeriod=2026-12,2026-08-03,high,1.0999999999999999,0.0,0.12518120136571795,0.12518120136571795,5,a100_spot,NVIDIA A100 (spot),0.8168,0.846741918014547,True,0.15325808198545293,0.0
NO2,Norway NO2,NO,supply-rich,0.1141870814810376,0.074088900025,0.135583167243218,98.15241259711073,44,5183,9,https://api.energy-charts.info/price?bzn=NO2&start=2026-01-01&end=2026-12-31,CC BY 4.0 (creativecommons.org/licenses/by/4.0) from Bundesnetzagentur | SMARD.de,1.163365,https://data-api.ecb.europa.eu/service/data/EXR/M.USD.EUR.SP00.A?format=csvdata&startPeriod=2026-01&endPeriod=2026-12,2026-08-03,high,1.0999999999999999,0.0,0.12560578962914135,0.12560578962914135,6,a100_spot,NVIDIA A100 (spot),0.8168,0.8462220988869474,True,0.1537779011130526,0.0
AT,Austria,AT,constrained,0.1295654371962836,0.1007163940122569,0.1645667553065356,111.3712697186899,243,5183,9,https://api.energy-charts.info/price?bzn=AT&start=2026-01-01&end=2026-12-31,CC BY 4.0 (creativecommons.org/licenses/by/4.0) from Bundesnetzagentur | SMARD.de,1.163365,https://data-api.ecb.europa.eu/service/data/EXR/M.USD.EUR.SP00.A?format=csvdata&startPeriod=2026-01&endPeriod=2026-12,2026-08-03,high,1.0999999999999999,0.0,0.14252198091591195,0.14252198091591195,7,a100_spot,NVIDIA A100 (spot),0.8168,0.8255117765476102,True,0.17448822345238976,0.0
FR,France,FR,constrained,0.0847279135875156,0.0460197140404166,0.1352171713765957,72.83003493101099,492,5183,9,https://api.energy-charts.info/price?bzn=FR&start=2026-01-01&end=2026-12-31,CC BY 4.0 (creativecommons.org/licenses/by/4.0) from Bundesnetzagentur | SMARD.de,1.163365,https://data-api.ecb.europa.eu/service/data/EXR/M.USD.EUR.SP00.A?format=csvdata&startPeriod=2026-01&endPeriod=2026-12,2026-08-03,high,1.0999999999999999,0.0,0.09320070494626714,0.09320070494626714,1,h100_on_demand,NVIDIA H100 (on demand),14.1335,0.9934056882621949,True,0.006594311737805013,0.0
SE4,Sweden SE4,SE,supply-rich,0.0902310626724959,0.0470813815499999,0.1239704639092447,77.5604068134214,85,5183,9,https://api.energy-charts.info/price?bzn=SE4&start=2026-01-01&end=2026-12-31,CC BY 4.0 (creativecommons.org/licenses/by/4.0) from Bundesnetzagentur | SMARD.de,1.163365,https://data-api.ecb.europa.eu/service/data/EXR/M.USD.EUR.SP00.A?format=csvdata&startPeriod=2026-01&endPeriod=2026-12,2026-08-03,high,1.0999999999999999,0.0,0.09925416893974547,0.09925416893974547,2,h100_on_demand,NVIDIA H100 (on demand),14.1335,0.9929773821813602,True,0.00702261781863979,0.0
NL,Netherlands,NL,constrained,0.11370083961838,0.0738067840124999,0.1408327589840425,97.7344510264449,313,5183,9,https://api.energy-charts.info/price?bzn=NL&start=2026-01-01&end=2026-12-31,CC BY 4.0 (creativecommons.org/licenses/by/4.0) from Bundesnetzagentur | SMARD.de,1.163365,https://data-api.ecb.europa.eu/service/data/EXR/M.USD.EUR.SP00.A?format=csvdata&startPeriod=2026-01&endPeriod=2026-12,2026-08-03,high,1.0999999999999999,0.0,0.12507092358021799,0.12507092358021799,3,h100_on_demand,NVIDIA H100 (on demand),14.1335,0.9911507465539168,True,0.008849253446083276,0.0
BE,Belgium,BE,constrained,0.1137556747020991,0.0904865297,0.1439149336606383,97.78158591852008,264,5183,9,https://api.energy-charts.info/price?bzn=BE&start=2026-01-01&end=2026-12-31,CC BY 4.0 (creativecommons.org/licenses/by/4.0) from Bundesnetzagentur | SMARD.de,1.163365,https://data-api.ecb.europa.eu/service/data/EXR/M.USD.EUR.SP00.A?format=csvdata&startPeriod=2026-01&endPeriod=2026-12,2026-08-03,high,1.0999999999999999,0.0,0.125131242172309,0.125131242172309,4,h100_on_demand,NVIDIA H100 (on demand),14.1335,0.9911464787793322,True,0.008853521220667846,0.0
DE-LU,Germany/Luxembourg,DE,constrained,0.1138010921506527,0.0677980037875,0.1453192946708776,97.8206256425565,382,5183,9,https://api.energy-charts.info/price?bzn=DE-LU&start=2026-01-01&end=2026-12-31,CC BY 4.0 (creativecommons.org/licenses/by/4.0) from Bundesnetzagentur | SMARD.de,1.163365,https://data-api.ecb.europa.eu/service/data/EXR/M.USD.EUR.SP00.A?format=csvdata&startPeriod=2026-01&endPeriod=2026-12,2026-08-03,high,1.0999999999999999,0.0,0.12518120136571795,0.12518120136571795,5,h100_on_demand,NVIDIA H100 (on demand),14.1335,0.991142943972426,True,0.008857056027574058,0.0
NO2,Norway NO2,NO,supply-rich,0.1141870814810376,0.074088900025,0.135583167243218,98.15241259711073,44,5183,9,https://api.energy-charts.info/price?bzn=NO2&start=2026-01-01&end=2026-12-31,CC BY 4.0 (creativecommons.org/licenses/by/4.0) from Bundesnetzagentur | SMARD.de,1.163365,https://data-api.ecb.europa.eu/service/data/EXR/M.USD.EUR.SP00.A?format=csvdata&startPeriod=2026-01&endPeriod=2026-12,2026-08-03,high,1.0999999999999999,0.0,0.12560578962914135,0.12560578962914135,6,h100_on_demand,NVIDIA H100 (on demand),14.1335,0.9911129027042742,True,0.008887097295725854,0.0
AT,Austria,AT,constrained,0.1295654371962836,0.1007163940122569,0.1645667553065356,111.3712697186899,243,5183,9,https://api.energy-charts.info/price?bzn=AT&start=2026-01-01&end=2026-12-31,CC BY 4.0 (creativecommons.org/licenses/by/4.0) from Bundesnetzagentur | SMARD.de,1.163365,https://data-api.ecb.europa.eu/service/data/EXR/M.USD.EUR.SP00.A?format=csvdata&startPeriod=2026-01&endPeriod=2026-12,2026-08-03,high,1.0999999999999999,0.0,0.14252198091591195,0.14252198091591195,7,h100_on_demand,NVIDIA H100 (on demand),14.1335,0.9899160164916042,True,0.010083983508395794,0.0
FR,France,FR,constrained,0.0847279135875156,0.0460197140404166,0.1352171713765957,72.83003493101099,492,5183,9,https://api.energy-charts.info/price?bzn=FR&start=2026-01-01&end=2026-12-31,CC BY 4.0 (creativecommons.org/licenses/by/4.0) from Bundesnetzagentur | SMARD.de,1.163365,https://data-api.ecb.europa.eu/service/data/EXR/M.USD.EUR.SP00.A?format=csvdata&startPeriod=2026-01&endPeriod=2026-12,2026-08-03,high,1.0999999999999999,0.0,0.09320070494626714,0.09320070494626714,1,h100_reserved_1yr,NVIDIA H100 (reserved 1yr),9.0454,0.989696342345693,True,0.010303657654306846,0.0
SE4,Sweden SE4,SE,supply-rich,0.0902310626724959,0.0470813815499999,0.1239704639092447,77.5604068134214,85,5183,9,https://api.energy-charts.info/price?bzn=SE4&start=2026-01-01&end=2026-12-31,CC BY 4.0 (creativecommons.org/licenses/by/4.0) from Bundesnetzagentur | SMARD.de,1.163365,https://data-api.ecb.europa.eu/service/data/EXR/M.USD.EUR.SP00.A?format=csvdata&startPeriod=2026-01&endPeriod=2026-12,2026-08-03,high,1.0999999999999999,0.0,0.09925416893974547,0.09925416893974547,2,h100_reserved_1yr,NVIDIA H100 (reserved 1yr),9.0454,0.9890271111349697,True,0.010972888865030343,0.0
NL,Netherlands,NL,constrained,0.11370083961838,0.0738067840124999,0.1408327589840425,97.7344510264449,313,5183,9,https://api.energy-charts.info/price?bzn=NL&start=2026-01-01&end=2026-12-31,CC BY 4.0 (creativecommons.org/licenses/by/4.0) from Bundesnetzagentur | SMARD.de,1.163365,https://data-api.ecb.europa.eu/service/data/EXR/M.USD.EUR.SP00.A?format=csvdata&startPeriod=2026-01&endPeriod=2026-12,2026-08-03,high,1.0999999999999999,0.0,0.12507092358021799,0.12507092358021799,3,h100_reserved_1yr,NVIDIA H100 (reserved 1yr),9.0454,0.986172980345787,True,0.013827019654212968,0.0
BE,Belgium,BE,constrained,0.1137556747020991,0.0904865297,0.1439149336606383,97.78158591852008,264,5183,9,https://api.energy-charts.info/price?bzn=BE&start=2026-01-01&end=2026-12-31,CC BY 4.0 (creativecommons.org/licenses/by/4.0) from Bundesnetzagentur | SMARD.de,1.163365,https://data-api.ecb.europa.eu/service/data/EXR/M.USD.EUR.SP00.A?format=csvdata&startPeriod=2026-01&endPeriod=2026-12,2026-08-03,high,1.0999999999999999,0.0,0.125131242172309,0.125131242172309,4,h100_reserved_1yr,NVIDIA H100 (reserved 1yr),9.0454,0.9861663119185101,True,0.013833688081489928,0.0
DE-LU,Germany/Luxembourg,DE,constrained,0.1138010921506527,0.0677980037875,0.1453192946708776,97.8206256425565,382,5183,9,https://api.energy-charts.info/price?bzn=DE-LU&start=2026-01-01&end=2026-12-31,CC BY 4.0 (creativecommons.org/licenses/by/4.0) from Bundesnetzagentur | SMARD.de,1.163365,https://data-api.ecb.europa.eu/service/data/EXR/M.USD.EUR.SP00.A?format=csvdata&startPeriod=2026-01&endPeriod=2026-12,2026-08-03,high,1.0999999999999999,0.0,0.12518120136571795,0.12518120136571795,5,h100_reserved_1yr,NVIDIA H100 (reserved 1yr),9.0454,0.986160788758295,True,0.013839211241704948,0.0
NO2,Norway NO2,NO,supply-rich,0.1141870814810376,0.074088900025,0.135583167243218,98.15241259711073,44,5183,9,https://api.energy-charts.info/price?bzn=NO2&start=2026-01-01&end=2026-12-31,CC BY 4.0 (creativecommons.org/licenses/by/4.0) from Bundesnetzagentur | SMARD.de,1.163365,https://data-api.ecb.europa.eu/service/data/EXR/M.USD.EUR.SP00.A?format=csvdata&startPeriod=2026-01&endPeriod=2026-12,2026-08-03,high,1.0999999999999999,0.0,0.12560578962914135,0.12560578962914135,6,h100_reserved_1yr,NVIDIA H100 (reserved 1yr),9.0454,0.986113849069235,True,0.013886150930764956,0.0
AT,Austria,AT,constrained,0.1295654371962836,0.1007163940122569,0.1645667553065356,111.3712697186899,243,5183,9,https://api.energy-charts.info/price?bzn=AT&start=2026-01-01&end=2026-12-31,CC BY 4.0 (creativecommons.org/licenses/by/4.0) from Bundesnetzagentur | SMARD.de,1.163365,https://data-api.ecb.europa.eu/service/data/EXR/M.USD.EUR.SP00.A?format=csvdata&startPeriod=2026-01&endPeriod=2026-12,2026-08-03,high,1.0999999999999999,0.0,0.14252198091591195,0.14252198091591195,7,h100_reserved_1yr,NVIDIA H100 (reserved 1yr),9.0454,0.9842437060919459,True,0.015756293908054032,0.0
FR,France,FR,constrained,0.0847279135875156,0.0460197140404166,0.1352171713765957,72.83003493101099,492,5183,9,https://api.energy-charts.info/price?bzn=FR&start=2026-01-01&end=2026-12-31,CC BY 4.0 (creativecommons.org/licenses/by/4.0) from Bundesnetzagentur | SMARD.de,1.163365,https://data-api.ecb.europa.eu/service/data/EXR/M.USD.EUR.SP00.A?format=csvdata&startPeriod=2026-01&endPeriod=2026-12,2026-08-03,high,1.0999999999999999,0.0,0.09320070494626714,0.09320070494626714,1,h100_reserved_3yr,NVIDIA H100 (reserved 3yr),6.2046,0.984978773015784,True,0.015021226984216087,0.0
SE4,Sweden SE4,SE,supply-rich,0.0902310626724959,0.0470813815499999,0.1239704639092447,77.5604068134214,85,5183,9,https://api.energy-charts.info/price?bzn=SE4&start=2026-01-01&end=2026-12-31,CC BY 4.0 (creativecommons.org/licenses/by/4.0) from Bundesnetzagentur | SMARD.de,1.163365,https://data-api.ecb.europa.eu/service/data/EXR/M.USD.EUR.SP00.A?format=csvdata&startPeriod=2026-01&endPeriod=2026-12,2026-08-03,high,1.0999999999999999,0.0,0.09925416893974547,0.09925416893974547,2,h100_reserved_3yr,NVIDIA H100 (reserved 3yr),6.2046,0.9840031317184436,True,0.0159968682815565,0.0
NL,Netherlands,NL,constrained,0.11370083961838,0.0738067840124999,0.1408327589840425,97.7344510264449,313,5183,9,https://api.energy-charts.info/price?bzn=NL&start=2026-01-01&end=2026-12-31,CC BY 4.0 (creativecommons.org/licenses/by/4.0) from Bundesnetzagentur | SMARD.de,1.163365,https://data-api.ecb.europa.eu/service/data/EXR/M.USD.EUR.SP00.A?format=csvdata&startPeriod=2026-01&endPeriod=2026-12,2026-08-03,high,1.0999999999999999,0.0,0.12507092358021799,0.12507092358021799,3,h100_reserved_3yr,NVIDIA H100 (reserved 3yr),6.2046,0.9798422261579767,True,0.020157773842023333,0.0
BE,Belgium,BE,constrained,0.1137556747020991,0.0904865297,0.1439149336606383,97.78158591852008,264,5183,9,https://api.energy-charts.info/price?bzn=BE&start=2026-01-01&end=2026-12-31,CC BY 4.0 (creativecommons.org/licenses/by/4.0) from Bundesnetzagentur | SMARD.de,1.163365,https://data-api.ecb.europa.eu/service/data/EXR/M.USD.EUR.SP00.A?format=csvdata&startPeriod=2026-01&endPeriod=2026-12,2026-08-03,high,1.0999999999999999,0.0,0.125131242172309,0.125131242172309,4,h100_reserved_3yr,NVIDIA H100 (reserved 3yr),6.2046,0.979832504565595,True,0.020167495434404957,0.0
DE-LU,Germany/Luxembourg,DE,constrained,0.1138010921506527,0.0677980037875,0.1453192946708776,97.8206256425565,382,5183,9,https://api.energy-charts.info/price?bzn=DE-LU&start=2026-01-01&end=2026-12-31,CC BY 4.0 (creativecommons.org/licenses/by/4.0) from Bundesnetzagentur | SMARD.de,1.163365,https://data-api.ecb.europa.eu/service/data/EXR/M.USD.EUR.SP00.A?format=csvdata&startPeriod=2026-01&endPeriod=2026-12,2026-08-03,high,1.0999999999999999,0.0,0.12518120136571795,0.12518120136571795,5,h100_reserved_3yr,NVIDIA H100 (reserved 3yr),6.2046,0.9798244526052093,True,0.02017554739479063,0.0
NO2,Norway NO2,NO,supply-rich,0.1141870814810376,0.074088900025,0.135583167243218,98.15241259711073,44,5183,9,https://api.energy-charts.info/price?bzn=NO2&start=2026-01-01&end=2026-12-31,CC BY 4.0 (creativecommons.org/licenses/by/4.0) from Bundesnetzagentur | SMARD.de,1.163365,https://data-api.ecb.europa.eu/service/data/EXR/M.USD.EUR.SP00.A?format=csvdata&startPeriod=2026-01&endPeriod=2026-12,2026-08-03,high,1.0999999999999999,0.0,0.12560578962914135,0.12560578962914135,6,h100_reserved_3yr,NVIDIA H100 (reserved 3yr),6.2046,0.9797560213987782,True,0.02024397860122189,0.0
AT,Austria,AT,constrained,0.1295654371962836,0.1007163940122569,0.1645667553065356,111.3712697186899,243,5183,9,https://api.energy-charts.info/price?bzn=AT&start=2026-01-01&end=2026-12-31,CC BY 4.0 (creativecommons.org/licenses/by/4.0) from Bundesnetzagentur | SMARD.de,1.163365,https://data-api.ecb.europa.eu/service/data/EXR/M.USD.EUR.SP00.A?format=csvdata&startPeriod=2026-01&endPeriod=2026-12,2026-08-03,high,1.0999999999999999,0.0,0.14252198091591195,0.14252198091591195,7,h100_reserved_3yr,NVIDIA H100 (reserved 3yr),6.2046,0.9770296262585966,True,0.022970373741403465,0.0
FR,France,FR,constrained,0.0847279135875156,0.0460197140404166,0.1352171713765957,72.83003493101099,492,5183,9,https://api.energy-charts.info/price?bzn=FR&start=2026-01-01&end=2026-12-31,CC BY 4.0 (creativecommons.org/licenses/by/4.0) from Bundesnetzagentur | SMARD.de,1.163365,https://data-api.ecb.europa.eu/service/data/EXR/M.USD.EUR.SP00.A?format=csvdata&startPeriod=2026-01&endPeriod=2026-12,2026-08-03,high,1.0999999999999999,0.0,0.09320070494626714,0.09320070494626714,1,h100_reserved_5yr,NVIDIA H100 (reserved 5yr),5.6534,0.9835142206554874,True,0.01648577934451253,0.0
SE4,Sweden SE4,SE,supply-rich,0.0902310626724959,0.0470813815499999,0.1239704639092447,77.5604068134214,85,5183,9,https://api.energy-charts.info/price?bzn=SE4&start=2026-01-01&end=2026-12-31,CC BY 4.0 (creativecommons.org/licenses/by/4.0) from Bundesnetzagentur | SMARD.de,1.163365,https://data-api.ecb.europa.eu/service/data/EXR/M.USD.EUR.SP00.A?format=csvdata&startPeriod=2026-01&endPeriod=2026-12,2026-08-03,high,1.0999999999999999,0.0,0.09925416893974547,0.09925416893974547,2,h100_reserved_5yr,NVIDIA H100 (reserved 5yr),5.6534,0.9824434554534006,True,0.01755654454659947,0.0
NL,Netherlands,NL,constrained,0.11370083961838,0.0738067840124999,0.1408327589840425,97.7344510264449,313,5183,9,https://api.energy-charts.info/price?bzn=NL&start=2026-01-01&end=2026-12-31,CC BY 4.0 (creativecommons.org/licenses/by/4.0) from Bundesnetzagentur | SMARD.de,1.163365,https://data-api.ecb.europa.eu/service/data/EXR/M.USD.EUR.SP00.A?format=csvdata&startPeriod=2026-01&endPeriod=2026-12,2026-08-03,high,1.0999999999999999,0.0,0.12507092358021799,0.12507092358021799,3,h100_reserved_5yr,NVIDIA H100 (reserved 5yr),5.6534,0.9778768663847919,True,0.02212313361520819,0.0
BE,Belgium,BE,constrained,0.1137556747020991,0.0904865297,0.1439149336606383,97.78158591852008,264,5183,9,https://api.energy-charts.info/price?bzn=BE&start=2026-01-01&end=2026-12-31,CC BY 4.0 (creativecommons.org/licenses/by/4.0) from Bundesnetzagentur | SMARD.de,1.163365,https://data-api.ecb.europa.eu/service/data/EXR/M.USD.EUR.SP00.A?format=csvdata&startPeriod=2026-01&endPeriod=2026-12,2026-08-03,high,1.0999999999999999,0.0,0.125131242172309,0.125131242172309,4,h100_reserved_5yr,NVIDIA H100 (reserved 5yr),5.6534,0.9778661969483303,True,0.022133803051669614,0.0
DE-LU,Germany/Luxembourg,DE,constrained,0.1138010921506527,0.0677980037875,0.1453192946708776,97.8206256425565,382,5183,9,https://api.energy-charts.info/price?bzn=DE-LU&start=2026-01-01&end=2026-12-31,CC BY 4.0 (creativecommons.org/licenses/by/4.0) from Bundesnetzagentur | SMARD.de,1.163365,https://data-api.ecb.europa.eu/service/data/EXR/M.USD.EUR.SP00.A?format=csvdata&startPeriod=2026-01&endPeriod=2026-12,2026-08-03,high,1.0999999999999999,0.0,0.12518120136571795,0.12518120136571795,5,h100_reserved_5yr,NVIDIA H100 (reserved 5yr),5.6534,0.9778573599310648,True,0.022142640068935144,0.0
NO2,Norway NO2,NO,supply-rich,0.1141870814810376,0.074088900025,0.135583167243218,98.15241259711073,44,5183,9,https://api.energy-charts.info/price?bzn=NO2&start=2026-01-01&end=2026-12-31,CC BY 4.0 (creativecommons.org/licenses/by/4.0) from Bundesnetzagentur | SMARD.de,1.163365,https://data-api.ecb.europa.eu/service/data/EXR/M.USD.EUR.SP00.A?format=csvdata&startPeriod=2026-01&endPeriod=2026-12,2026-08-03,high,1.0999999999999999,0.0,0.12560578962914135,0.12560578962914135,6,h100_reserved_5yr,NVIDIA H100 (reserved 5yr),5.6534,0.9777822567606854,True,0.022217743239314632,0.0
AT,Austria,AT,constrained,0.1295654371962836,0.1007163940122569,0.1645667553065356,111.3712697186899,243,5183,9,https://api.energy-charts.info/price?bzn=AT&start=2026-01-01&end=2026-12-31,CC BY 4.0 (creativecommons.org/licenses/by/4.0) from Bundesnetzagentur | SMARD.de,1.163365,https://data-api.ecb.europa.eu/service/data/EXR/M.USD.EUR.SP00.A?format=csvdata&startPeriod=2026-01&endPeriod=2026-12,2026-08-03,high,1.0999999999999999,0.0,0.14252198091591195,0.14252198091591195,7,h100_reserved_5yr,NVIDIA H100 (reserved 5yr),5.6534,0.9747900412290106,True,0.02520995877098948,0.0
FR,France,FR,constrained,0.0847279135875156,0.0460197140404166,0.1352171713765957,72.83003493101099,492,5183,9,https://api.energy-charts.info/price?bzn=FR&start=2026-01-01&end=2026-12-31,CC BY 4.0 (creativecommons.org/licenses/by/4.0) from Bundesnetzagentur | SMARD.de,1.163365,https://data-api.ecb.europa.eu/service/data/EXR/M.USD.EUR.SP00.A?format=csvdata&startPeriod=2026-01&endPeriod=2026-12,2026-08-03,high,1.0999999999999999,0.0,0.09320070494626714,0.09320070494626714,1,h100_spot,NVIDIA H100 (spot),2.6119,0.9643168938526486,True,0.03568310614735141,0.0
SE4,Sweden SE4,SE,supply-rich,0.0902310626724959,0.0470813815499999,0.1239704639092447,77.5604068134214,85,5183,9,https://api.energy-charts.info/price?bzn=SE4&start=2026-01-01&end=2026-12-31,CC BY 4.0 (creativecommons.org/licenses/by/4.0) from Bundesnetzagentur | SMARD.de,1.163365,https://data-api.ecb.europa.eu/service/data/EXR/M.USD.EUR.SP00.A?format=csvdata&startPeriod=2026-01&endPeriod=2026-12,2026-08-03,high,1.0999999999999999,0.0,0.09925416893974547,0.09925416893974547,2,h100_spot,NVIDIA H100 (spot),2.6119,0.961999246165724,True,0.038000753834275994,0.0
NL,Netherlands,NL,constrained,0.11370083961838,0.0738067840124999,0.1408327589840425,97.7344510264449,313,5183,9,https://api.energy-charts.info/price?bzn=NL&start=2026-01-01&end=2026-12-31,CC BY 4.0 (creativecommons.org/licenses/by/4.0) from Bundesnetzagentur | SMARD.de,1.163365,https://data-api.ecb.europa.eu/service/data/EXR/M.USD.EUR.SP00.A?format=csvdata&startPeriod=2026-01&endPeriod=2026-12,2026-08-03,high,1.0999999999999999,0.0,0.12507092358021799,0.12507092358021799,3,h100_spot,NVIDIA H100 (spot),2.6119,0.9521149647458869,True,0.04788503525411309,0.0
BE,Belgium,BE,constrained,0.1137556747020991,0.0904865297,0.1439149336606383,97.78158591852008,264,5183,9,https://api.energy-charts.info/price?bzn=BE&start=2026-01-01&end=2026-12-31,CC BY 4.0 (creativecommons.org/licenses/by/4.0) from Bundesnetzagentur | SMARD.de,1.163365,https://data-api.ecb.europa.eu/service/data/EXR/M.USD.EUR.SP00.A?format=csvdata&startPeriod=2026-01&endPeriod=2026-12,2026-08-03,high,1.0999999999999999,0.0,0.125131242172309,0.125131242172309,4,h100_spot,NVIDIA H100 (spot),2.6119,0.9520918709857541,True,0.04790812901424595,0.0
DE-LU,Germany/Luxembourg,DE,constrained,0.1138010921506527,0.0677980037875,0.1453192946708776,97.8206256425565,382,5183,9,https://api.energy-charts.info/price?bzn=DE-LU&start=2026-01-01&end=2026-12-31,CC BY 4.0 (creativecommons.org/licenses/by/4.0) from Bundesnetzagentur | SMARD.de,1.163365,https://data-api.ecb.europa.eu/service/data/EXR/M.USD.EUR.SP00.A?format=csvdata&startPeriod=2026-01&endPeriod=2026-12,2026-08-03,high,1.0999999999999999,0.0,0.12518120136571795,0.12518120136571795,5,h100_spot,NVIDIA H100 (spot),2.6119,0.9520727434565956,True,0.0479272565434044,0.0
NO2,Norway NO2,NO,supply-rich,0.1141870814810376,0.074088900025,0.135583167243218,98.15241259711073,44,5183,9,https://api.energy-charts.info/price?bzn=NO2&start=2026-01-01&end=2026-12-31,CC BY 4.0 (creativecommons.org/licenses/by/4.0) from Bundesnetzagentur | SMARD.de,1.163365,https://data-api.ecb.europa.eu/service/data/EXR/M.USD.EUR.SP00.A?format=csvdata&startPeriod=2026-01&endPeriod=2026-12,2026-08-03,high,1.0999999999999999,0.0,0.12560578962914135,0.12560578962914135,6,h100_spot,NVIDIA H100 (spot),2.6119,0.951910184299115,True,0.04808981570088493,0.0
AT,Austria,AT,constrained,0.1295654371962836,0.1007163940122569,0.1645667553065356,111.3712697186899,243,5183,9,https://api.energy-charts.info/price?bzn=AT&start=2026-01-01&end=2026-12-31,CC BY 4.0 (creativecommons.org/licenses/by/4.0) from Bundesnetzagentur | SMARD.de,1.163365,https://data-api.ecb.europa.eu/service/data/EXR/M.USD.EUR.SP00.A?format=csvdata&startPeriod=2026-01&endPeriod=2026-12,2026-08-03,high,1.0999999999999999,0.0,0.14252198091591195,0.14252198091591195,7,h100_spot,NVIDIA H100 (spot),2.6119,0.9454335997105893,True,0.05456640028941076,0.0
FR,France,FR,constrained,0.0847279135875156,0.0460197140404166,0.1352171713765957,72.83003493101099,492,5183,9,https://api.energy-charts.info/price?bzn=FR&start=2026-01-01&end=2026-12-31,CC BY 4.0 (creativecommons.org/licenses/by/4.0) from Bundesnetzagentur | SMARD.de,1.163365,https://data-api.ecb.europa.eu/service/data/EXR/M.USD.EUR.SP00.A?format=csvdata&startPeriod=2026-01&endPeriod=2026-12,2026-08-03,high,1.0999999999999999,0.05,0.09320070494626714,0.14320070494626713,1,a100_on_demand,NVIDIA A100 (on demand),4.3159,0.9668201985805355,True,0.02159473225660167,0.05
SE4,Sweden SE4,SE,supply-rich,0.0902310626724959,0.0470813815499999,0.1239704639092447,77.5604068134214,85,5183,9,https://api.energy-charts.info/price?bzn=SE4&start=2026-01-01&end=2026-12-31,CC BY 4.0 (creativecommons.org/licenses/by/4.0) from Bundesnetzagentur | SMARD.de,1.163365,https://data-api.ecb.europa.eu/service/data/EXR/M.USD.EUR.SP00.A?format=csvdata&startPeriod=2026-01&endPeriod=2026-12,2026-08-03,high,1.0999999999999999,0.05,0.09925416893974547,0.14925416893974547,2,a100_on_demand,NVIDIA A100 (on demand),4.3159,0.9654176025997484,True,0.022997328237388603,0.05
NL,Netherlands,NL,constrained,0.11370083961838,0.0738067840124999,0.1408327589840425,97.7344510264449,313,5183,9,https://api.energy-charts.info/price?bzn=NL&start=2026-01-01&end=2026-12-31,CC BY 4.0 (creativecommons.org/licenses/by/4.0) from Bundesnetzagentur | SMARD.de,1.163365,https://data-api.ecb.europa.eu/service/data/EXR/M.USD.EUR.SP00.A?format=csvdata&startPeriod=2026-01&endPeriod=2026-12,2026-08-03,high,1.0999999999999999,0.05,0.12507092358021799,0.17507092358021797,3,a100_on_demand,NVIDIA A100 (on demand),4.3159,0.9594358248383377,True,0.02897910599879932,0.05
BE,Belgium,BE,constrained,0.1137556747020991,0.0904865297,0.1439149336606383,97.78158591852008,264,5183,9,https://api.energy-charts.info/price?bzn=BE&start=2026-01-01&end=2026-12-31,CC BY 4.0 (creativecommons.org/licenses/by/4.0) from Bundesnetzagentur | SMARD.de,1.163365,https://data-api.ecb.europa.eu/service/data/EXR/M.USD.EUR.SP00.A?format=csvdata&startPeriod=2026-01&endPeriod=2026-12,2026-08-03,high,1.0999999999999999,0.05,0.125131242172309,0.17513124217230902,4,a100_on_demand,NVIDIA A100 (on demand),4.3159,0.9594218489371141,True,0.02899308190002294,0.05
DE-LU,Germany/Luxembourg,DE,constrained,0.1138010921506527,0.0677980037875,0.1453192946708776,97.8206256425565,382,5183,9,https://api.energy-charts.info/price?bzn=DE-LU&start=2026-01-01&end=2026-12-31,CC BY 4.0 (creativecommons.org/licenses/by/4.0) from Bundesnetzagentur | SMARD.de,1.163365,https://data-api.ecb.europa.eu/service/data/EXR/M.USD.EUR.SP00.A?format=csvdata&startPeriod=2026-01&endPeriod=2026-12,2026-08-03,high,1.0999999999999999,0.05,0.12518120136571795,0.17518120136571796,5,a100_on_demand,NVIDIA A100 (on demand),4.3159,0.9594102733228949,True,0.029004657514242208,0.05
NO2,Norway NO2,NO,supply-rich,0.1141870814810376,0.074088900025,0.135583167243218,98.15241259711073,44,5183,9,https://api.energy-charts.info/price?bzn=NO2&start=2026-01-01&end=2026-12-31,CC BY 4.0 (creativecommons.org/licenses/by/4.0) from Bundesnetzagentur | SMARD.de,1.163365,https://data-api.ecb.europa.eu/service/data/EXR/M.USD.EUR.SP00.A?format=csvdata&startPeriod=2026-01&endPeriod=2026-12,2026-08-03,high,1.0999999999999999,0.05,0.12560578962914135,0.17560578962914136,6,a100_on_demand,NVIDIA A100 (on demand),4.3159,0.9593118956349448,True,0.029103035202192207,0.05
AT,Austria,AT,constrained,0.1295654371962836,0.1007163940122569,0.1645667553065356,111.3712697186899,243,5183,9,https://api.energy-charts.info/price?bzn=AT&start=2026-01-01&end=2026-12-31,CC BY 4.0 (creativecommons.org/licenses/by/4.0) from Bundesnetzagentur | SMARD.de,1.163365,https://data-api.ecb.europa.eu/service/data/EXR/M.USD.EUR.SP00.A?format=csvdata&startPeriod=2026-01&endPeriod=2026-12,2026-08-03,high,1.0999999999999999,0.05,0.14252198091591195,0.19252198091591194,7,a100_on_demand,NVIDIA A100 (on demand),4.3159,0.9553923907143557,True,0.03302254012278133,0.05
FR,France,FR,constrained,0.0847279135875156,0.0460197140404166,0.1352171713765957,72.83003493101099,492,5183,9,https://api.energy-charts.info/price?bzn=FR&start=2026-01-01&end=2026-12-31,CC BY 4.0 (creativecommons.org/licenses/by/4.0) from Bundesnetzagentur | SMARD.de,1.163365,https://data-api.ecb.europa.eu/service/data/EXR/M.USD.EUR.SP00.A?format=csvdata&startPeriod=2026-01&endPeriod=2026-12,2026-08-03,high,1.0999999999999999,0.05,0.09320070494626714,0.14320070494626713,1,a100_reserved_1yr,NVIDIA A100 (reserved 1yr),2.8332,0.949456196192903,True,0.032895914494658736,0.05
SE4,Sweden SE4,SE,supply-rich,0.0902310626724959,0.0470813815499999,0.1239704639092447,77.5604068134214,85,5183,9,https://api.energy-charts.info/price?bzn=SE4&start=2026-01-01&end=2026-12-31,CC BY 4.0 (creativecommons.org/licenses/by/4.0) from Bundesnetzagentur | SMARD.de,1.163365,https://data-api.ecb.europa.eu/service/data/EXR/M.USD.EUR.SP00.A?format=csvdata&startPeriod=2026-01&endPeriod=2026-12,2026-08-03,high,1.0999999999999999,0.05,0.09925416893974547,0.14925416893974547,2,a100_reserved_1yr,NVIDIA A100 (reserved 1yr),2.8332,0.9473195789426284,True,0.035032531744933454,0.05
NL,Netherlands,NL,constrained,0.11370083961838,0.0738067840124999,0.1408327589840425,97.7344510264449,313,5183,9,https://api.energy-charts.info/price?bzn=NL&start=2026-01-01&end=2026-12-31,CC BY 4.0 (creativecommons.org/licenses/by/4.0) from Bundesnetzagentur | SMARD.de,1.163365,https://data-api.ecb.europa.eu/service/data/EXR/M.USD.EUR.SP00.A?format=csvdata&startPeriod=2026-01&endPeriod=2026-12,2026-08-03,high,1.0999999999999999,0.05,0.12507092358021799,0.17507092358021797,3,a100_reserved_1yr,NVIDIA A100 (reserved 1yr),2.8332,0.9382073543765996,True,0.04414475631096215,0.05
BE,Belgium,BE,constrained,0.1137556747020991,0.0904865297,0.1439149336606383,97.78158591852008,264,5183,9,https://api.energy-charts.info/price?bzn=BE&start=2026-01-01&end=2026-12-31,CC BY 4.0 (creativecommons.org/licenses/by/4.0) from Bundesnetzagentur | SMARD.de,1.163365,https://data-api.ecb.europa.eu/service/data/EXR/M.USD.EUR.SP00.A?format=csvdata&startPeriod=2026-01&endPeriod=2026-12,2026-08-03,high,1.0999999999999999,0.05,0.125131242172309,0.17513124217230902,4,a100_reserved_1yr,NVIDIA A100 (reserved 1yr),2.8332,0.9381860644598656,True,0.044166046227696244,0.05
DE-LU,Germany/Luxembourg,DE,constrained,0.1138010921506527,0.0677980037875,0.1453192946708776,97.8206256425565,382,5183,9,https://api.energy-charts.info/price?bzn=DE-LU&start=2026-01-01&end=2026-12-31,CC BY 4.0 (creativecommons.org/licenses/by/4.0) from Bundesnetzagentur | SMARD.de,1.163365,https://data-api.ecb.europa.eu/service/data/EXR/M.USD.EUR.SP00.A?format=csvdata&startPeriod=2026-01&endPeriod=2026-12,2026-08-03,high,1.0999999999999999,0.05,0.12518120136571795,0.17518120136571796,5,a100_reserved_1yr,NVIDIA A100 (reserved 1yr),2.8332,0.9381684309735571,True,0.04418367971400464,0.05
NO2,Norway NO2,NO,supply-rich,0.1141870814810376,0.074088900025,0.135583167243218,98.15241259711073,44,5183,9,https://api.energy-charts.info/price?bzn=NO2&start=2026-01-01&end=2026-12-31,CC BY 4.0 (creativecommons.org/licenses/by/4.0) from Bundesnetzagentur | SMARD.de,1.163365,https://data-api.ecb.europa.eu/service/data/EXR/M.USD.EUR.SP00.A?format=csvdata&startPeriod=2026-01&endPeriod=2026-12,2026-08-03,high,1.0999999999999999,0.05,0.12560578962914135,0.17560578962914136,6,a100_reserved_1yr,NVIDIA A100 (reserved 1yr),2.8332,0.938018569240032,True,0.04433354144752977,0.05
AT,Austria,AT,constrained,0.1295654371962836,0.1007163940122569,0.1645667553065356,111.3712697186899,243,5183,9,https://api.energy-charts.info/price?bzn=AT&start=2026-01-01&end=2026-12-31,CC BY 4.0 (creativecommons.org/licenses/by/4.0) from Bundesnetzagentur | SMARD.de,1.163365,https://data-api.ecb.europa.eu/service/data/EXR/M.USD.EUR.SP00.A?format=csvdata&startPeriod=2026-01&endPeriod=2026-12,2026-08-03,high,1.0999999999999999,0.05,0.14252198091591195,0.19252198091591194,7,a100_reserved_1yr,NVIDIA A100 (reserved 1yr),2.8332,0.9320478678116929,True,0.05030424287586896,0.05
FR,France,FR,constrained,0.0847279135875156,0.0460197140404166,0.1352171713765957,72.83003493101099,492,5183,9,https://api.energy-charts.info/price?bzn=FR&start=2026-01-01&end=2026-12-31,CC BY 4.0 (creativecommons.org/licenses/by/4.0) from Bundesnetzagentur | SMARD.de,1.163365,https://data-api.ecb.europa.eu/service/data/EXR/M.USD.EUR.SP00.A?format=csvdata&startPeriod=2026-01&endPeriod=2026-12,2026-08-03,high,1.0999999999999999,0.05,0.09320070494626714,0.14320070494626713,1,a100_reserved_3yr,NVIDIA A100 (reserved 3yr),1.6584,0.9136512874178322,True,0.05619917085520208,0.05
SE4,Sweden SE4,SE,supply-rich,0.0902310626724959,0.0470813815499999,0.1239704639092447,77.5604068134214,85,5183,9,https://api.energy-charts.info/price?bzn=SE4&start=2026-01-01&end=2026-12-31,CC BY 4.0 (creativecommons.org/licenses/by/4.0) from Bundesnetzagentur | SMARD.de,1.163365,https://data-api.ecb.europa.eu/service/data/EXR/M.USD.EUR.SP00.A?format=csvdata&startPeriod=2026-01&endPeriod=2026-12,2026-08-03,high,1.0999999999999999,0.05,0.09925416893974547,0.14925416893974547,2,a100_reserved_3yr,NVIDIA A100 (reserved 3yr),1.6584,0.910001104112551,True,0.05984935416048327,0.05
NL,Netherlands,NL,constrained,0.11370083961838,0.0738067840124999,0.1408327589840425,97.7344510264449,313,5183,9,https://api.energy-charts.info/price?bzn=NL&start=2026-01-01&end=2026-12-31,CC BY 4.0 (creativecommons.org/licenses/by/4.0) from Bundesnetzagentur | SMARD.de,1.163365,https://data-api.ecb.europa.eu/service/data/EXR/M.USD.EUR.SP00.A?format=csvdata&startPeriod=2026-01&endPeriod=2026-12,2026-08-03,high,1.0999999999999999,0.05,0.12507092358021799,0.17507092358021797,3,a100_reserved_3yr,NVIDIA A100 (reserved 3yr),1.6584,0.8944338376867957,True,0.07541662058623853,0.05
BE,Belgium,BE,constrained,0.1137556747020991,0.0904865297,0.1439149336606383,97.78158591852008,264,5183,9,https://api.energy-charts.info/price?bzn=BE&start=2026-01-01&end=2026-12-31,CC BY 4.0 (creativecommons.org/licenses/by/4.0) from Bundesnetzagentur | SMARD.de,1.163365,https://data-api.ecb.europa.eu/service/data/EXR/M.USD.EUR.SP00.A?format=csvdata&startPeriod=2026-01&endPeriod=2026-12,2026-08-03,high,1.0999999999999999,0.05,0.125131242172309,0.17513124217230902,4,a100_reserved_3yr,NVIDIA A100 (reserved 3yr),1.6584,0.8943974661286125,True,0.07545299214442173,0.05
DE-LU,Germany/Luxembourg,DE,constrained,0.1138010921506527,0.0677980037875,0.1453192946708776,97.8206256425565,382,5183,9,https://api.energy-charts.info/price?bzn=DE-LU&start=2026-01-01&end=2026-12-31,CC BY 4.0 (creativecommons.org/licenses/by/4.0) from Bundesnetzagentur | SMARD.de,1.163365,https://data-api.ecb.europa.eu/service/data/EXR/M.USD.EUR.SP00.A?format=csvdata&startPeriod=2026-01&endPeriod=2026-12,2026-08-03,high,1.0999999999999999,0.05,0.12518120136571795,0.17518120136571796,5,a100_reserved_3yr,NVIDIA A100 (reserved 3yr),1.6584,0.894367341192886,True,0.0754831170801483,0.05
NO2,Norway NO2,NO,supply-rich,0.1141870814810376,0.074088900025,0.135583167243218,98.15241259711073,44,5183,9,https://api.energy-charts.info/price?bzn=NO2&start=2026-01-01&end=2026-12-31,CC BY 4.0 (creativecommons.org/licenses/by/4.0) from Bundesnetzagentur | SMARD.de,1.163365,https://data-api.ecb.europa.eu/service/data/EXR/M.USD.EUR.SP00.A?format=csvdata&startPeriod=2026-01&endPeriod=2026-12,2026-08-03,high,1.0999999999999999,0.05,0.12560578962914135,0.17560578962914136,6,a100_reserved_3yr,NVIDIA A100 (reserved 3yr),1.6584,0.8941113183615886,True,0.07573913991144557,0.05
AT,Austria,AT,constrained,0.1295654371962836,0.1007163940122569,0.1645667553065356,111.3712697186899,243,5183,9,https://api.energy-charts.info/price?bzn=AT&start=2026-01-01&end=2026-12-31,CC BY 4.0 (creativecommons.org/licenses/by/4.0) from Bundesnetzagentur | SMARD.de,1.163365,https://data-api.ecb.europa.eu/service/data/EXR/M.USD.EUR.SP00.A?format=csvdata&startPeriod=2026-01&endPeriod=2026-12,2026-08-03,high,1.0999999999999999,0.05,0.14252198091591195,0.19252198091591194,7,a100_reserved_3yr,NVIDIA A100 (reserved 3yr),1.6584,0.8839110100603521,True,0.08593944821268207,0.05
FR,France,FR,constrained,0.0847279135875156,0.0460197140404166,0.1352171713765957,72.83003493101099,492,5183,9,https://api.energy-charts.info/price?bzn=FR&start=2026-01-01&end=2026-12-31,CC BY 4.0 (creativecommons.org/licenses/by/4.0) from Bundesnetzagentur | SMARD.de,1.163365,https://data-api.ecb.europa.eu/service/data/EXR/M.USD.EUR.SP00.A?format=csvdata&startPeriod=2026-01&endPeriod=2026-12,2026-08-03,high,1.0999999999999999,0.05,0.09320070494626714,0.14320070494626713,1,a100_spot,NVIDIA A100 (spot),0.8168,0.8246808215643154,True,0.11410468284312825,0.05
SE4,Sweden SE4,SE,supply-rich,0.0902310626724959,0.0470813815499999,0.1239704639092447,77.5604068134214,85,5183,9,https://api.energy-charts.info/price?bzn=SE4&start=2026-01-01&end=2026-12-31,CC BY 4.0 (creativecommons.org/licenses/by/4.0) from Bundesnetzagentur | SMARD.de,1.163365,https://data-api.ecb.europa.eu/service/data/EXR/M.USD.EUR.SP00.A?format=csvdata&startPeriod=2026-01&endPeriod=2026-12,2026-08-03,high,1.0999999999999999,0.05,0.09925416893974547,0.14925416893974547,2,a100_spot,NVIDIA A100 (spot),0.8168,0.8172696266653459,True,0.12151587774209778,0.05
NL,Netherlands,NL,constrained,0.11370083961838,0.0738067840124999,0.1408327589840425,97.7344510264449,313,5183,9,https://api.energy-charts.info/price?bzn=NL&start=2026-01-01&end=2026-12-31,CC BY 4.0 (creativecommons.org/licenses/by/4.0) from Bundesnetzagentur | SMARD.de,1.163365,https://data-api.ecb.europa.eu/service/data/EXR/M.USD.EUR.SP00.A?format=csvdata&startPeriod=2026-01&endPeriod=2026-12,2026-08-03,high,1.0999999999999999,0.05,0.12507092358021799,0.17507092358021797,3,a100_spot,NVIDIA A100 (spot),0.8168,0.7856624344022797,True,0.15312307000516404,0.05
BE,Belgium,BE,constrained,0.1137556747020991,0.0904865297,0.1439149336606383,97.78158591852008,264,5183,9,https://api.energy-charts.info/price?bzn=BE&start=2026-01-01&end=2026-12-31,CC BY 4.0 (creativecommons.org/licenses/by/4.0) from Bundesnetzagentur | SMARD.de,1.163365,https://data-api.ecb.europa.eu/service/data/EXR/M.USD.EUR.SP00.A?format=csvdata&startPeriod=2026-01&endPeriod=2026-12,2026-08-03,high,1.0999999999999999,0.05,0.125131242172309,0.17513124217230902,4,a100_spot,NVIDIA A100 (spot),0.8168,0.7855885869584855,True,0.15319691744895814,0.05
DE-LU,Germany/Luxembourg,DE,constrained,0.1138010921506527,0.0677980037875,0.1453192946708776,97.8206256425565,382,5183,9,https://api.energy-charts.info/price?bzn=DE-LU&start=2026-01-01&end=2026-12-31,CC BY 4.0 (creativecommons.org/licenses/by/4.0) from Bundesnetzagentur | SMARD.de,1.163365,https://data-api.ecb.europa.eu/service/data/EXR/M.USD.EUR.SP00.A?format=csvdata&startPeriod=2026-01&endPeriod=2026-12,2026-08-03,high,1.0999999999999999,0.05,0.12518120136571795,0.17518120136571796,5,a100_spot,NVIDIA A100 (spot),0.8168,0.7855274224219908,True,0.15325808198545293,0.05
NO2,Norway NO2,NO,supply-rich,0.1141870814810376,0.074088900025,0.135583167243218,98.15241259711073,44,5183,9,https://api.energy-charts.info/price?bzn=NO2&start=2026-01-01&end=2026-12-31,CC BY 4.0 (creativecommons.org/licenses/by/4.0) from Bundesnetzagentur | SMARD.de,1.163365,https://data-api.ecb.europa.eu/service/data/EXR/M.USD.EUR.SP00.A?format=csvdata&startPeriod=2026-01&endPeriod=2026-12,2026-08-03,high,1.0999999999999999,0.05,0.12560578962914135,0.17560578962914136,6,a100_spot,NVIDIA A100 (spot),0.8168,0.785007603294391,True,0.1537779011130526,0.05
AT,Austria,AT,constrained,0.1295654371962836,0.1007163940122569,0.1645667553065356,111.3712697186899,243,5183,9,https://api.energy-charts.info/price?bzn=AT&start=2026-01-01&end=2026-12-31,CC BY 4.0 (creativecommons.org/licenses/by/4.0) from Bundesnetzagentur | SMARD.de,1.163365,https://data-api.ecb.europa.eu/service/data/EXR/M.USD.EUR.SP00.A?format=csvdata&startPeriod=2026-01&endPeriod=2026-12,2026-08-03,high,1.0999999999999999,0.05,0.14252198091591195,0.19252198091591194,7,a100_spot,NVIDIA A100 (spot),0.8168,0.7642972809550539,True,0.17448822345238976,0.05
FR,France,FR,constrained,0.0847279135875156,0.0460197140404166,0.1352171713765957,72.83003493101099,492,5183,9,https://api.energy-charts.info/price?bzn=FR&start=2026-01-01&end=2026-12-31,CC BY 4.0 (creativecommons.org/licenses/by/4.0) from Bundesnetzagentur | SMARD.de,1.163365,https://data-api.ecb.europa.eu/service/data/EXR/M.USD.EUR.SP00.A?format=csvdata&startPeriod=2026-01&endPeriod=2026-12,2026-08-03,high,1.0999999999999999,0.05,0.09320070494626714,0.14320070494626713,1,h100_on_demand,NVIDIA H100 (on demand),14.1335,0.9898679941312296,True,0.006594311737805013,0.05
SE4,Sweden SE4,SE,supply-rich,0.0902310626724959,0.0470813815499999,0.1239704639092447,77.5604068134214,85,5183,9,https://api.energy-charts.info/price?bzn=SE4&start=2026-01-01&end=2026-12-31,CC BY 4.0 (creativecommons.org/licenses/by/4.0) from Bundesnetzagentur | SMARD.de,1.163365,https://data-api.ecb.europa.eu/service/data/EXR/M.USD.EUR.SP00.A?format=csvdata&startPeriod=2026-01&endPeriod=2026-12,2026-08-03,high,1.0999999999999999,0.05,0.09925416893974547,0.14925416893974547,2,h100_on_demand,NVIDIA H100 (on demand),14.1335,0.9894396880503948,True,0.00702261781863979,0.05
NL,Netherlands,NL,constrained,0.11370083961838,0.0738067840124999,0.1408327589840425,97.7344510264449,313,5183,9,https://api.energy-charts.info/price?bzn=NL&start=2026-01-01&end=2026-12-31,CC BY 4.0 (creativecommons.org/licenses/by/4.0) from Bundesnetzagentur | SMARD.de,1.163365,https://data-api.ecb.europa.eu/service/data/EXR/M.USD.EUR.SP00.A?format=csvdata&startPeriod=2026-01&endPeriod=2026-12,2026-08-03,high,1.0999999999999999,0.05,0.12507092358021799,0.17507092358021797,3,h100_on_demand,NVIDIA H100 (on demand),14.1335,0.9876130524229513,True,0.008849253446083276,0.05
BE,Belgium,BE,constrained,0.1137556747020991,0.0904865297,0.1439149336606383,97.78158591852008,264,5183,9,https://api.energy-charts.info/price?bzn=BE&start=2026-01-01&end=2026-12-31,CC BY 4.0 (creativecommons.org/licenses/by/4.0) from Bundesnetzagentur | SMARD.de,1.163365,https://data-api.ecb.europa.eu/service/data/EXR/M.USD.EUR.SP00.A?format=csvdata&startPeriod=2026-01&endPeriod=2026-12,2026-08-03,high,1.0999999999999999,0.05,0.125131242172309,0.17513124217230902,4,h100_on_demand,NVIDIA H100 (on demand),14.1335,0.9876087846483667,True,0.008853521220667846,0.05
DE-LU,Germany/Luxembourg,DE,constrained,0.1138010921506527,0.0677980037875,0.1453192946708776,97.8206256425565,382,5183,9,https://api.energy-charts.info/price?bzn=DE-LU&start=2026-01-01&end=2026-12-31,CC BY 4.0 (creativecommons.org/licenses/by/4.0) from Bundesnetzagentur | SMARD.de,1.163365,https://data-api.ecb.europa.eu/service/data/EXR/M.USD.EUR.SP00.A?format=csvdata&startPeriod=2026-01&endPeriod=2026-12,2026-08-03,high,1.0999999999999999,0.05,0.12518120136571795,0.17518120136571796,5,h100_on_demand,NVIDIA H100 (on demand),14.1335,0.9876052498414606,True,0.008857056027574058,0.05
NO2,Norway NO2,NO,supply-rich,0.1141870814810376,0.074088900025,0.135583167243218,98.15241259711073,44,5183,9,https://api.energy-charts.info/price?bzn=NO2&start=2026-01-01&end=2026-12-31,CC BY 4.0 (creativecommons.org/licenses/by/4.0) from Bundesnetzagentur | SMARD.de,1.163365,https://data-api.ecb.europa.eu/service/data/EXR/M.USD.EUR.SP00.A?format=csvdata&startPeriod=2026-01&endPeriod=2026-12,2026-08-03,high,1.0999999999999999,0.05,0.12560578962914135,0.17560578962914136,6,h100_on_demand,NVIDIA H100 (on demand),14.1335,0.9875752085733087,True,0.008887097295725854,0.05
AT,Austria,AT,constrained,0.1295654371962836,0.1007163940122569,0.1645667553065356,111.3712697186899,243,5183,9,https://api.energy-charts.info/price?bzn=AT&start=2026-01-01&end=2026-12-31,CC BY 4.0 (creativecommons.org/licenses/by/4.0) from Bundesnetzagentur | SMARD.de,1.163365,https://data-api.ecb.europa.eu/service/data/EXR/M.USD.EUR.SP00.A?format=csvdata&startPeriod=2026-01&endPeriod=2026-12,2026-08-03,high,1.0999999999999999,0.05,0.14252198091591195,0.19252198091591194,7,h100_on_demand,NVIDIA H100 (on demand),14.1335,0.9863783223606388,True,0.010083983508395794,0.05
FR,France,FR,constrained,0.0847279135875156,0.0460197140404166,0.1352171713765957,72.83003493101099,492,5183,9,https://api.energy-charts.info/price?bzn=FR&start=2026-01-01&end=2026-12-31,CC BY 4.0 (creativecommons.org/licenses/by/4.0) from Bundesnetzagentur | SMARD.de,1.163365,https://data-api.ecb.europa.eu/service/data/EXR/M.USD.EUR.SP00.A?format=csvdata&startPeriod=2026-01&endPeriod=2026-12,2026-08-03,high,1.0999999999999999,0.05,0.09320070494626714,0.14320070494626713,1,h100_reserved_1yr,NVIDIA H100 (reserved 1yr),9.0454,0.9841686708220458,True,0.010303657654306846,0.05
SE4,Sweden SE4,SE,supply-rich,0.0902310626724959,0.0470813815499999,0.1239704639092447,77.5604068134214,85,5183,9,https://api.energy-charts.info/price?bzn=SE4&start=2026-01-01&end=2026-12-31,CC BY 4.0 (creativecommons.org/licenses/by/4.0) from Bundesnetzagentur | SMARD.de,1.163365,https://data-api.ecb.europa.eu/service/data/EXR/M.USD.EUR.SP00.A?format=csvdata&startPeriod=2026-01&endPeriod=2026-12,2026-08-03,high,1.0999999999999999,0.05,0.09925416893974547,0.14925416893974547,2,h100_reserved_1yr,NVIDIA H100 (reserved 1yr),9.0454,0.9834994396113224,True,0.010972888865030343,0.05
NL,Netherlands,NL,constrained,0.11370083961838,0.0738067840124999,0.1408327589840425,97.7344510264449,313,5183,9,https://api.energy-charts.info/price?bzn=NL&start=2026-01-01&end=2026-12-31,CC BY 4.0 (creativecommons.org/licenses/by/4.0) from Bundesnetzagentur | SMARD.de,1.163365,https://data-api.ecb.europa.eu/service/data/EXR/M.USD.EUR.SP00.A?format=csvdata&startPeriod=2026-01&endPeriod=2026-12,2026-08-03,high,1.0999999999999999,0.05,0.12507092358021799,0.17507092358021797,3,h100_reserved_1yr,NVIDIA H100 (reserved 1yr),9.0454,0.9806453088221396,True,0.013827019654212968,0.05
BE,Belgium,BE,constrained,0.1137556747020991,0.0904865297,0.1439149336606383,97.78158591852008,264,5183,9,https://api.energy-charts.info/price?bzn=BE&start=2026-01-01&end=2026-12-31,CC BY 4.0 (creativecommons.org/licenses/by/4.0) from Bundesnetzagentur | SMARD.de,1.163365,https://data-api.ecb.europa.eu/service/data/EXR/M.USD.EUR.SP00.A?format=csvdata&startPeriod=2026-01&endPeriod=2026-12,2026-08-03,high,1.0999999999999999,0.05,0.125131242172309,0.17513124217230902,4,h100_reserved_1yr,NVIDIA H100 (reserved 1yr),9.0454,0.9806386403948627,True,0.013833688081489928,0.05
DE-LU,Germany/Luxembourg,DE,constrained,0.1138010921506527,0.0677980037875,0.1453192946708776,97.8206256425565,382,5183,9,https://api.energy-charts.info/price?bzn=DE-LU&start=2026-01-01&end=2026-12-31,CC BY 4.0 (creativecommons.org/licenses/by/4.0) from Bundesnetzagentur | SMARD.de,1.163365,https://data-api.ecb.europa.eu/service/data/EXR/M.USD.EUR.SP00.A?format=csvdata&startPeriod=2026-01&endPeriod=2026-12,2026-08-03,high,1.0999999999999999,0.05,0.12518120136571795,0.17518120136571796,5,h100_reserved_1yr,NVIDIA H100 (reserved 1yr),9.0454,0.9806331172346477,True,0.013839211241704948,0.05
NO2,Norway NO2,NO,supply-rich,0.1141870814810376,0.074088900025,0.135583167243218,98.15241259711073,44,5183,9,https://api.energy-charts.info/price?bzn=NO2&start=2026-01-01&end=2026-12-31,CC BY 4.0 (creativecommons.org/licenses/by/4.0) from Bundesnetzagentur | SMARD.de,1.163365,https://data-api.ecb.europa.eu/service/data/EXR/M.USD.EUR.SP00.A?format=csvdata&startPeriod=2026-01&endPeriod=2026-12,2026-08-03,high,1.0999999999999999,0.05,0.12560578962914135,0.17560578962914136,6,h100_reserved_1yr,NVIDIA H100 (reserved 1yr),9.0454,0.9805861775455876,True,0.013886150930764956,0.05
AT,Austria,AT,constrained,0.1295654371962836,0.1007163940122569,0.1645667553065356,111.3712697186899,243,5183,9,https://api.energy-charts.info/price?bzn=AT&start=2026-01-01&end=2026-12-31,CC BY 4.0 (creativecommons.org/licenses/by/4.0) from Bundesnetzagentur | SMARD.de,1.163365,https://data-api.ecb.europa.eu/service/data/EXR/M.USD.EUR.SP00.A?format=csvdata&startPeriod=2026-01&endPeriod=2026-12,2026-08-03,high,1.0999999999999999,0.05,0.14252198091591195,0.19252198091591194,7,h100_reserved_1yr,NVIDIA H100 (reserved 1yr),9.0454,0.9787160345682987,True,0.015756293908054032,0.05
FR,France,FR,constrained,0.0847279135875156,0.0460197140404166,0.1352171713765957,72.83003493101099,492,5183,9,https://api.energy-charts.info/price?bzn=FR&start=2026-01-01&end=2026-12-31,CC BY 4.0 (creativecommons.org/licenses/by/4.0) from Bundesnetzagentur | SMARD.de,1.163365,https://data-api.ecb.europa.eu/service/data/EXR/M.USD.EUR.SP00.A?format=csvdata&startPeriod=2026-01&endPeriod=2026-12,2026-08-03,high,1.0999999999999999,0.05,0.09320070494626714,0.14320070494626713,1,h100_reserved_3yr,NVIDIA H100 (reserved 3yr),6.2046,0.9769202358014591,True,0.015021226984216087,0.05
SE4,Sweden SE4,SE,supply-rich,0.0902310626724959,0.0470813815499999,0.1239704639092447,77.5604068134214,85,5183,9,https://api.energy-charts.info/price?bzn=SE4&start=2026-01-01&end=2026-12-31,CC BY 4.0 (creativecommons.org/licenses/by/4.0) from Bundesnetzagentur | SMARD.de,1.163365,https://data-api.ecb.europa.eu/service/data/EXR/M.USD.EUR.SP00.A?format=csvdata&startPeriod=2026-01&endPeriod=2026-12,2026-08-03,high,1.0999999999999999,0.05,0.09925416893974547,0.14925416893974547,2,h100_reserved_3yr,NVIDIA H100 (reserved 3yr),6.2046,0.9759445945041186,True,0.0159968682815565,0.05
NL,Netherlands,NL,constrained,0.11370083961838,0.0738067840124999,0.1408327589840425,97.7344510264449,313,5183,9,https://api.energy-charts.info/price?bzn=NL&start=2026-01-01&end=2026-12-31,CC BY 4.0 (creativecommons.org/licenses/by/4.0) from Bundesnetzagentur | SMARD.de,1.163365,https://data-api.ecb.europa.eu/service/data/EXR/M.USD.EUR.SP00.A?format=csvdata&startPeriod=2026-01&endPeriod=2026-12,2026-08-03,high,1.0999999999999999,0.05,0.12507092358021799,0.17507092358021797,3,h100_reserved_3yr,NVIDIA H100 (reserved 3yr),6.2046,0.9717836889436517,True,0.020157773842023333,0.05
BE,Belgium,BE,constrained,0.1137556747020991,0.0904865297,0.1439149336606383,97.78158591852008,264,5183,9,https://api.energy-charts.info/price?bzn=BE&start=2026-01-01&end=2026-12-31,CC BY 4.0 (creativecommons.org/licenses/by/4.0) from Bundesnetzagentur | SMARD.de,1.163365,https://data-api.ecb.europa.eu/service/data/EXR/M.USD.EUR.SP00.A?format=csvdata&startPeriod=2026-01&endPeriod=2026-12,2026-08-03,high,1.0999999999999999,0.05,0.125131242172309,0.17513124217230902,4,h100_reserved_3yr,NVIDIA H100 (reserved 3yr),6.2046,0.9717739673512702,True,0.020167495434404957,0.05
DE-LU,Germany/Luxembourg,DE,constrained,0.1138010921506527,0.0677980037875,0.1453192946708776,97.8206256425565,382,5183,9,https://api.energy-charts.info/price?bzn=DE-LU&start=2026-01-01&end=2026-12-31,CC BY 4.0 (creativecommons.org/licenses/by/4.0) from Bundesnetzagentur | SMARD.de,1.163365,https://data-api.ecb.europa.eu/service/data/EXR/M.USD.EUR.SP00.A?format=csvdata&startPeriod=2026-01&endPeriod=2026-12,2026-08-03,high,1.0999999999999999,0.05,0.12518120136571795,0.17518120136571796,5,h100_reserved_3yr,NVIDIA H100 (reserved 3yr),6.2046,0.9717659153908845,True,0.02017554739479063,0.05
NO2,Norway NO2,NO,supply-rich,0.1141870814810376,0.074088900025,0.135583167243218,98.15241259711073,44,5183,9,https://api.energy-charts.info/price?bzn=NO2&start=2026-01-01&end=2026-12-31,CC BY 4.0 (creativecommons.org/licenses/by/4.0) from Bundesnetzagentur | SMARD.de,1.163365,https://data-api.ecb.europa.eu/service/data/EXR/M.USD.EUR.SP00.A?format=csvdata&startPeriod=2026-01&endPeriod=2026-12,2026-08-03,high,1.0999999999999999,0.05,0.12560578962914135,0.17560578962914136,6,h100_reserved_3yr,NVIDIA H100 (reserved 3yr),6.2046,0.9716974841844532,True,0.02024397860122189,0.05
AT,Austria,AT,constrained,0.1295654371962836,0.1007163940122569,0.1645667553065356,111.3712697186899,243,5183,9,https://api.energy-charts.info/price?bzn=AT&start=2026-01-01&end=2026-12-31,CC BY 4.0 (creativecommons.org/licenses/by/4.0) from Bundesnetzagentur | SMARD.de,1.163365,https://data-api.ecb.europa.eu/service/data/EXR/M.USD.EUR.SP00.A?format=csvdata&startPeriod=2026-01&endPeriod=2026-12,2026-08-03,high,1.0999999999999999,0.05,0.14252198091591195,0.19252198091591194,7,h100_reserved_3yr,NVIDIA H100 (reserved 3yr),6.2046,0.9689710890442716,True,0.022970373741403465,0.05
FR,France,FR,constrained,0.0847279135875156,0.0460197140404166,0.1352171713765957,72.83003493101099,492,5183,9,https://api.energy-charts.info/price?bzn=FR&start=2026-01-01&end=2026-12-31,CC BY 4.0 (creativecommons.org/licenses/by/4.0) from Bundesnetzagentur | SMARD.de,1.163365,https://data-api.ecb.europa.eu/service/data/EXR/M.USD.EUR.SP00.A?format=csvdata&startPeriod=2026-01&endPeriod=2026-12,2026-08-03,high,1.0999999999999999,0.05,0.09320070494626714,0.14320070494626713,1,h100_reserved_5yr,NVIDIA H100 (reserved 5yr),5.6534,0.9746699853280739,True,0.01648577934451253,0.05
SE4,Sweden SE4,SE,supply-rich,0.0902310626724959,0.0470813815499999,0.1239704639092447,77.5604068134214,85,5183,9,https://api.energy-charts.info/price?bzn=SE4&start=2026-01-01&end=2026-12-31,CC BY 4.0 (creativecommons.org/licenses/by/4.0) from Bundesnetzagentur | SMARD.de,1.163365,https://data-api.ecb.europa.eu/service/data/EXR/M.USD.EUR.SP00.A?format=csvdata&startPeriod=2026-01&endPeriod=2026-12,2026-08-03,high,1.0999999999999999,0.05,0.09925416893974547,0.14925416893974547,2,h100_reserved_5yr,NVIDIA H100 (reserved 5yr),5.6534,0.9735992201259869,True,0.01755654454659947,0.05
NL,Netherlands,NL,constrained,0.11370083961838,0.0738067840124999,0.1408327589840425,97.7344510264449,313,5183,9,https://api.energy-charts.info/price?bzn=NL&start=2026-01-01&end=2026-12-31,CC BY 4.0 (creativecommons.org/licenses/by/4.0) from Bundesnetzagentur | SMARD.de,1.163365,https://data-api.ecb.europa.eu/service/data/EXR/M.USD.EUR.SP00.A?format=csvdata&startPeriod=2026-01&endPeriod=2026-12,2026-08-03,high,1.0999999999999999,0.05,0.12507092358021799,0.17507092358021797,3,h100_reserved_5yr,NVIDIA H100 (reserved 5yr),5.6534,0.9690326310573781,True,0.02212313361520819,0.05
BE,Belgium,BE,constrained,0.1137556747020991,0.0904865297,0.1439149336606383,97.78158591852008,264,5183,9,https://api.energy-charts.info/price?bzn=BE&start=2026-01-01&end=2026-12-31,CC BY 4.0 (creativecommons.org/licenses/by/4.0) from Bundesnetzagentur | SMARD.de,1.163365,https://data-api.ecb.europa.eu/service/data/EXR/M.USD.EUR.SP00.A?format=csvdata&startPeriod=2026-01&endPeriod=2026-12,2026-08-03,high,1.0999999999999999,0.05,0.125131242172309,0.17513124217230902,4,h100_reserved_5yr,NVIDIA H100 (reserved 5yr),5.6534,0.9690219616209168,True,0.022133803051669614,0.05
DE-LU,Germany/Luxembourg,DE,constrained,0.1138010921506527,0.0677980037875,0.1453192946708776,97.8206256425565,382,5183,9,https://api.energy-charts.info/price?bzn=DE-LU&start=2026-01-01&end=2026-12-31,CC BY 4.0 (creativecommons.org/licenses/by/4.0) from Bundesnetzagentur | SMARD.de,1.163365,https://data-api.ecb.europa.eu/service/data/EXR/M.USD.EUR.SP00.A?format=csvdata&startPeriod=2026-01&endPeriod=2026-12,2026-08-03,high,1.0999999999999999,0.05,0.12518120136571795,0.17518120136571796,5,h100_reserved_5yr,NVIDIA H100 (reserved 5yr),5.6534,0.9690131246036512,True,0.022142640068935144,0.05
NO2,Norway NO2,NO,supply-rich,0.1141870814810376,0.074088900025,0.135583167243218,98.15241259711073,44,5183,9,https://api.energy-charts.info/price?bzn=NO2&start=2026-01-01&end=2026-12-31,CC BY 4.0 (creativecommons.org/licenses/by/4.0) from Bundesnetzagentur | SMARD.de,1.163365,https://data-api.ecb.europa.eu/service/data/EXR/M.USD.EUR.SP00.A?format=csvdata&startPeriod=2026-01&endPeriod=2026-12,2026-08-03,high,1.0999999999999999,0.05,0.12560578962914135,0.17560578962914136,6,h100_reserved_5yr,NVIDIA H100 (reserved 5yr),5.6534,0.9689380214332717,True,0.022217743239314632,0.05
AT,Austria,AT,constrained,0.1295654371962836,0.1007163940122569,0.1645667553065356,111.3712697186899,243,5183,9,https://api.energy-charts.info/price?bzn=AT&start=2026-01-01&end=2026-12-31,CC BY 4.0 (creativecommons.org/licenses/by/4.0) from Bundesnetzagentur | SMARD.de,1.163365,https://data-api.ecb.europa.eu/service/data/EXR/M.USD.EUR.SP00.A?format=csvdata&startPeriod=2026-01&endPeriod=2026-12,2026-08-03,high,1.0999999999999999,0.05,0.14252198091591195,0.19252198091591194,7,h100_reserved_5yr,NVIDIA H100 (reserved 5yr),5.6534,0.9659458059015968,True,0.02520995877098948,0.05
FR,France,FR,constrained,0.0847279135875156,0.0460197140404166,0.1352171713765957,72.83003493101099,492,5183,9,https://api.energy-charts.info/price?bzn=FR&start=2026-01-01&end=2026-12-31,CC BY 4.0 (creativecommons.org/licenses/by/4.0) from Bundesnetzagentur | SMARD.de,1.163365,https://data-api.ecb.europa.eu/service/data/EXR/M.USD.EUR.SP00.A?format=csvdata&startPeriod=2026-01&endPeriod=2026-12,2026-08-03,high,1.0999999999999999,0.05,0.09320070494626714,0.14320070494626713,1,h100_spot,NVIDIA H100 (spot),2.6119,0.9451737413582958,True,0.03568310614735141,0.05
SE4,Sweden SE4,SE,supply-rich,0.0902310626724959,0.0470813815499999,0.1239704639092447,77.5604068134214,85,5183,9,https://api.energy-charts.info/price?bzn=SE4&start=2026-01-01&end=2026-12-31,CC BY 4.0 (creativecommons.org/licenses/by/4.0) from Bundesnetzagentur | SMARD.de,1.163365,https://data-api.ecb.europa.eu/service/data/EXR/M.USD.EUR.SP00.A?format=csvdata&startPeriod=2026-01&endPeriod=2026-12,2026-08-03,high,1.0999999999999999,0.05,0.09925416893974547,0.14925416893974547,2,h100_spot,NVIDIA H100 (spot),2.6119,0.9428560936713712,True,0.038000753834275994,0.05
NL,Netherlands,NL,constrained,0.11370083961838,0.0738067840124999,0.1408327589840425,97.7344510264449,313,5183,9,https://api.energy-charts.info/price?bzn=NL&start=2026-01-01&end=2026-12-31,CC BY 4.0 (creativecommons.org/licenses/by/4.0) from Bundesnetzagentur | SMARD.de,1.163365,https://data-api.ecb.europa.eu/service/data/EXR/M.USD.EUR.SP00.A?format=csvdata&startPeriod=2026-01&endPeriod=2026-12,2026-08-03,high,1.0999999999999999,0.05,0.12507092358021799,0.17507092358021797,3,h100_spot,NVIDIA H100 (spot),2.6119,0.9329718122515341,True,0.04788503525411309,0.05
BE,Belgium,BE,constrained,0.1137556747020991,0.0904865297,0.1439149336606383,97.78158591852008,264,5183,9,https://api.energy-charts.info/price?bzn=BE&start=2026-01-01&end=2026-12-31,CC BY 4.0 (creativecommons.org/licenses/by/4.0) from Bundesnetzagentur | SMARD.de,1.163365,https://data-api.ecb.europa.eu/service/data/EXR/M.USD.EUR.SP00.A?format=csvdata&startPeriod=2026-01&endPeriod=2026-12,2026-08-03,high,1.0999999999999999,0.05,0.125131242172309,0.17513124217230902,4,h100_spot,NVIDIA H100 (spot),2.6119,0.9329487184914014,True,0.04790812901424595,0.05
DE-LU,Germany/Luxembourg,DE,constrained,0.1138010921506527,0.0677980037875,0.1453192946708776,97.8206256425565,382,5183,9,https://api.energy-charts.info/price?bzn=DE-LU&start=2026-01-01&end=2026-12-31,CC BY 4.0 (creativecommons.org/licenses/by/4.0) from Bundesnetzagentur | SMARD.de,1.163365,https://data-api.ecb.europa.eu/service/data/EXR/M.USD.EUR.SP00.A?format=csvdata&startPeriod=2026-01&endPeriod=2026-12,2026-08-03,high,1.0999999999999999,0.05,0.12518120136571795,0.17518120136571796,5,h100_spot,NVIDIA H100 (spot),2.6119,0.9329295909622427,True,0.0479272565434044,0.05
NO2,Norway NO2,NO,supply-rich,0.1141870814810376,0.074088900025,0.135583167243218,98.15241259711073,44,5183,9,https://api.energy-charts.info/price?bzn=NO2&start=2026-01-01&end=2026-12-31,CC BY 4.0 (creativecommons.org/licenses/by/4.0) from Bundesnetzagentur | SMARD.de,1.163365,https://data-api.ecb.europa.eu/service/data/EXR/M.USD.EUR.SP00.A?format=csvdata&startPeriod=2026-01&endPeriod=2026-12,2026-08-03,high,1.0999999999999999,0.05,0.12560578962914135,0.17560578962914136,6,h100_spot,NVIDIA H100 (spot),2.6119,0.9327670318047624,True,0.04808981570088493,0.05
AT,Austria,AT,constrained,0.1295654371962836,0.1007163940122569,0.1645667553065356,111.3712697186899,243,5183,9,https://api.energy-charts.info/price?bzn=AT&start=2026-01-01&end=2026-12-31,CC BY 4.0 (creativecommons.org/licenses/by/4.0) from Bundesnetzagentur | SMARD.de,1.163365,https://data-api.ecb.europa.eu/service/data/EXR/M.USD.EUR.SP00.A?format=csvdata&startPeriod=2026-01&endPeriod=2026-12,2026-08-03,high,1.0999999999999999,0.05,0.14252198091591195,0.19252198091591194,7,h100_spot,NVIDIA H100 (spot),2.6119,0.9262904472162365,True,0.05456640028941076,0.05
FR,France,FR,constrained,0.0847279135875156,0.0460197140404166,0.1352171713765957,72.83003493101099,492,5183,9,https://api.energy-charts.info/price?bzn=FR&start=2026-01-01&end=2026-12-31,CC BY 4.0 (creativecommons.org/licenses/by/4.0) from Bundesnetzagentur | SMARD.de,1.163365,https://data-api.ecb.europa.eu/service/data/EXR/M.USD.EUR.SP00.A?format=csvdata&startPeriod=2026-01&endPeriod=2026-12,2026-08-03,high,1.0999999999999999,0.2,0.09320070494626714,0.29320070494626715,1,a100_on_demand,NVIDIA A100 (on demand),4.3159,0.9320649910919467,True,0.02159473225660167,0.2
SE4,Sweden SE4,SE,supply-rich,0.0902310626724959,0.0470813815499999,0.1239704639092447,77.5604068134214,85,5183,9,https://api.energy-charts.info/price?bzn=SE4&start=2026-01-01&end=2026-12-31,CC BY 4.0 (creativecommons.org/licenses/by/4.0) from Bundesnetzagentur | SMARD.de,1.163365,https://data-api.ecb.europa.eu/service/data/EXR/M.USD.EUR.SP00.A?format=csvdata&startPeriod=2026-01&endPeriod=2026-12,2026-08-03,high,1.0999999999999999,0.2,0.09925416893974547,0.2992541689397455,2,a100_on_demand,NVIDIA A100 (on demand),4.3159,0.9306623951111599,True,0.022997328237388603,0.2
NL,Netherlands,NL,constrained,0.11370083961838,0.0738067840124999,0.1408327589840425,97.7344510264449,313,5183,9,https://api.energy-charts.info/price?bzn=NL&start=2026-01-01&end=2026-12-31,CC BY 4.0 (creativecommons.org/licenses/by/4.0) from Bundesnetzagentur | SMARD.de,1.163365,https://data-api.ecb.europa.eu/service/data/EXR/M.USD.EUR.SP00.A?format=csvdata&startPeriod=2026-01&endPeriod=2026-12,2026-08-03,high,1.0999999999999999,0.2,0.12507092358021799,0.325070923580218,3,a100_on_demand,NVIDIA A100 (on demand),4.3159,0.9246806173497492,True,0.02897910599879932,0.2
BE,Belgium,BE,constrained,0.1137556747020991,0.0904865297,0.1439149336606383,97.78158591852008,264,5183,9,https://api.energy-charts.info/price?bzn=BE&start=2026-01-01&end=2026-12-31,CC BY 4.0 (creativecommons.org/licenses/by/4.0) from Bundesnetzagentur | SMARD.de,1.163365,https://data-api.ecb.europa.eu/service/data/EXR/M.USD.EUR.SP00.A?format=csvdata&startPeriod=2026-01&endPeriod=2026-12,2026-08-03,high,1.0999999999999999,0.2,0.125131242172309,0.32513124217230904,4,a100_on_demand,NVIDIA A100 (on demand),4.3159,0.9246666414485254,True,0.02899308190002294,0.2
DE-LU,Germany/Luxembourg,DE,constrained,0.1138010921506527,0.0677980037875,0.1453192946708776,97.8206256425565,382,5183,9,https://api.energy-charts.info/price?bzn=DE-LU&start=2026-01-01&end=2026-12-31,CC BY 4.0 (creativecommons.org/licenses/by/4.0) from Bundesnetzagentur | SMARD.de,1.163365,https://data-api.ecb.europa.eu/service/data/EXR/M.USD.EUR.SP00.A?format=csvdata&startPeriod=2026-01&endPeriod=2026-12,2026-08-03,high,1.0999999999999999,0.2,0.12518120136571795,0.32518120136571793,5,a100_on_demand,NVIDIA A100 (on demand),4.3159,0.9246550658343061,True,0.029004657514242208,0.2
NO2,Norway NO2,NO,supply-rich,0.1141870814810376,0.074088900025,0.135583167243218,98.15241259711073,44,5183,9,https://api.energy-charts.info/price?bzn=NO2&start=2026-01-01&end=2026-12-31,CC BY 4.0 (creativecommons.org/licenses/by/4.0) from Bundesnetzagentur | SMARD.de,1.163365,https://data-api.ecb.europa.eu/service/data/EXR/M.USD.EUR.SP00.A?format=csvdata&startPeriod=2026-01&endPeriod=2026-12,2026-08-03,high,1.0999999999999999,0.2,0.12560578962914135,0.32560578962914133,6,a100_on_demand,NVIDIA A100 (on demand),4.3159,0.9245566881463563,True,0.029103035202192207,0.2
AT,Austria,AT,constrained,0.1295654371962836,0.1007163940122569,0.1645667553065356,111.3712697186899,243,5183,9,https://api.energy-charts.info/price?bzn=AT&start=2026-01-01&end=2026-12-31,CC BY 4.0 (creativecommons.org/licenses/by/4.0) from Bundesnetzagentur | SMARD.de,1.163365,https://data-api.ecb.europa.eu/service/data/EXR/M.USD.EUR.SP00.A?format=csvdata&startPeriod=2026-01&endPeriod=2026-12,2026-08-03,high,1.0999999999999999,0.2,0.14252198091591195,0.34252198091591196,7,a100_on_demand,NVIDIA A100 (on demand),4.3159,0.920637183225767,True,0.03302254012278133,0.2
FR,France,FR,constrained,0.0847279135875156,0.0460197140404166,0.1352171713765957,72.83003493101099,492,5183,9,https://api.energy-charts.info/price?bzn=FR&start=2026-01-01&end=2026-12-31,CC BY 4.0 (creativecommons.org/licenses/by/4.0) from Bundesnetzagentur | SMARD.de,1.163365,https://data-api.ecb.europa.eu/service/data/EXR/M.USD.EUR.SP00.A?format=csvdata&startPeriod=2026-01&endPeriod=2026-12,2026-08-03,high,1.0999999999999999,0.2,0.09320070494626714,0.29320070494626715,1,a100_reserved_1yr,NVIDIA A100 (reserved 1yr),2.8332,0.8965125282555882,True,0.032895914494658736,0.2
SE4,Sweden SE4,SE,supply-rich,0.0902310626724959,0.0470813815499999,0.1239704639092447,77.5604068134214,85,5183,9,https://api.energy-charts.info/price?bzn=SE4&start=2026-01-01&end=2026-12-31,CC BY 4.0 (creativecommons.org/licenses/by/4.0) from Bundesnetzagentur | SMARD.de,1.163365,https://data-api.ecb.europa.eu/service/data/EXR/M.USD.EUR.SP00.A?format=csvdata&startPeriod=2026-01&endPeriod=2026-12,2026-08-03,high,1.0999999999999999,0.2,0.09925416893974547,0.2992541689397455,2,a100_reserved_1yr,NVIDIA A100 (reserved 1yr),2.8332,0.8943759110053136,True,0.035032531744933454,0.2
NL,Netherlands,NL,constrained,0.11370083961838,0.0738067840124999,0.1408327589840425,97.7344510264449,313,5183,9,https://api.energy-charts.info/price?bzn=NL&start=2026-01-01&end=2026-12-31,CC BY 4.0 (creativecommons.org/licenses/by/4.0) from Bundesnetzagentur | SMARD.de,1.163365,https://data-api.ecb.europa.eu/service/data/EXR/M.USD.EUR.SP00.A?format=csvdata&startPeriod=2026-01&endPeriod=2026-12,2026-08-03,high,1.0999999999999999,0.2,0.12507092358021799,0.325070923580218,3,a100_reserved_1yr,NVIDIA A100 (reserved 1yr),2.8332,0.885263686439285,True,0.04414475631096215,0.2
BE,Belgium,BE,constrained,0.1137556747020991,0.0904865297,0.1439149336606383,97.78158591852008,264,5183,9,https://api.energy-charts.info/price?bzn=BE&start=2026-01-01&end=2026-12-31,CC BY 4.0 (creativecommons.org/licenses/by/4.0) from Bundesnetzagentur | SMARD.de,1.163365,https://data-api.ecb.europa.eu/service/data/EXR/M.USD.EUR.SP00.A?format=csvdata&startPeriod=2026-01&endPeriod=2026-12,2026-08-03,high,1.0999999999999999,0.2,0.125131242172309,0.32513124217230904,4,a100_reserved_1yr,NVIDIA A100 (reserved 1yr),2.8332,0.8852423965225508,True,0.044166046227696244,0.2
DE-LU,Germany/Luxembourg,DE,constrained,0.1138010921506527,0.0677980037875,0.1453192946708776,97.8206256425565,382,5183,9,https://api.energy-charts.info/price?bzn=DE-LU&start=2026-01-01&end=2026-12-31,CC BY 4.0 (creativecommons.org/licenses/by/4.0) from Bundesnetzagentur | SMARD.de,1.163365,https://data-api.ecb.europa.eu/service/data/EXR/M.USD.EUR.SP00.A?format=csvdata&startPeriod=2026-01&endPeriod=2026-12,2026-08-03,high,1.0999999999999999,0.2,0.12518120136571795,0.32518120136571793,5,a100_reserved_1yr,NVIDIA A100 (reserved 1yr),2.8332,0.8852247630362424,True,0.04418367971400464,0.2
NO2,Norway NO2,NO,supply-rich,0.1141870814810376,0.074088900025,0.135583167243218,98.15241259711073,44,5183,9,https://api.energy-charts.info/price?bzn=NO2&start=2026-01-01&end=2026-12-31,CC BY 4.0 (creativecommons.org/licenses/by/4.0) from Bundesnetzagentur | SMARD.de,1.163365,https://data-api.ecb.europa.eu/service/data/EXR/M.USD.EUR.SP00.A?format=csvdata&startPeriod=2026-01&endPeriod=2026-12,2026-08-03,high,1.0999999999999999,0.2,0.12560578962914135,0.32560578962914133,6,a100_reserved_1yr,NVIDIA A100 (reserved 1yr),2.8332,0.8850749013027173,True,0.04433354144752977,0.2
AT,Austria,AT,constrained,0.1295654371962836,0.1007163940122569,0.1645667553065356,111.3712697186899,243,5183,9,https://api.energy-charts.info/price?bzn=AT&start=2026-01-01&end=2026-12-31,CC BY 4.0 (creativecommons.org/licenses/by/4.0) from Bundesnetzagentur | SMARD.de,1.163365,https://data-api.ecb.europa.eu/service/data/EXR/M.USD.EUR.SP00.A?format=csvdata&startPeriod=2026-01&endPeriod=2026-12,2026-08-03,high,1.0999999999999999,0.2,0.14252198091591195,0.34252198091591196,7,a100_reserved_1yr,NVIDIA A100 (reserved 1yr),2.8332,0.879104199874378,True,0.05030424287586896,0.2
FR,France,FR,constrained,0.0847279135875156,0.0460197140404166,0.1352171713765957,72.83003493101099,492,5183,9,https://api.energy-charts.info/price?bzn=FR&start=2026-01-01&end=2026-12-31,CC BY 4.0 (creativecommons.org/licenses/by/4.0) from Bundesnetzagentur | SMARD.de,1.163365,https://data-api.ecb.europa.eu/service/data/EXR/M.USD.EUR.SP00.A?format=csvdata&startPeriod=2026-01&endPeriod=2026-12,2026-08-03,high,1.0999999999999999,0.2,0.09320070494626714,0.29320070494626715,1,a100_reserved_3yr,NVIDIA A100 (reserved 3yr),1.6584,0.823202662236935,True,0.05619917085520208,0.2
SE4,Sweden SE4,SE,supply-rich,0.0902310626724959,0.0470813815499999,0.1239704639092447,77.5604068134214,85,5183,9,https://api.energy-charts.info/price?bzn=SE4&start=2026-01-01&end=2026-12-31,CC BY 4.0 (creativecommons.org/licenses/by/4.0) from Bundesnetzagentur | SMARD.de,1.163365,https://data-api.ecb.europa.eu/service/data/EXR/M.USD.EUR.SP00.A?format=csvdata&startPeriod=2026-01&endPeriod=2026-12,2026-08-03,high,1.0999999999999999,0.2,0.09925416893974547,0.2992541689397455,2,a100_reserved_3yr,NVIDIA A100 (reserved 3yr),1.6584,0.8195524789316537,True,0.05984935416048327,0.2
NL,Netherlands,NL,constrained,0.11370083961838,0.0738067840124999,0.1408327589840425,97.7344510264449,313,5183,9,https://api.energy-charts.info/price?bzn=NL&start=2026-01-01&end=2026-12-31,CC BY 4.0 (creativecommons.org/licenses/by/4.0) from Bundesnetzagentur | SMARD.de,1.163365,https://data-api.ecb.europa.eu/service/data/EXR/M.USD.EUR.SP00.A?format=csvdata&startPeriod=2026-01&endPeriod=2026-12,2026-08-03,high,1.0999999999999999,0.2,0.12507092358021799,0.325070923580218,3,a100_reserved_3yr,NVIDIA A100 (reserved 3yr),1.6584,0.8039852125058984,True,0.07541662058623853,0.2
BE,Belgium,BE,constrained,0.1137556747020991,0.0904865297,0.1439149336606383,97.78158591852008,264,5183,9,https://api.energy-charts.info/price?bzn=BE&start=2026-01-01&end=2026-12-31,CC BY 4.0 (creativecommons.org/licenses/by/4.0) from Bundesnetzagentur | SMARD.de,1.163365,https://data-api.ecb.europa.eu/service/data/EXR/M.USD.EUR.SP00.A?format=csvdata&startPeriod=2026-01&endPeriod=2026-12,2026-08-03,high,1.0999999999999999,0.2,0.125131242172309,0.32513124217230904,4,a100_reserved_3yr,NVIDIA A100 (reserved 3yr),1.6584,0.8039488409477153,True,0.07545299214442173,0.2
DE-LU,Germany/Luxembourg,DE,constrained,0.1138010921506527,0.0677980037875,0.1453192946708776,97.8206256425565,382,5183,9,https://api.energy-charts.info/price?bzn=DE-LU&start=2026-01-01&end=2026-12-31,CC BY 4.0 (creativecommons.org/licenses/by/4.0) from Bundesnetzagentur | SMARD.de,1.163365,https://data-api.ecb.europa.eu/service/data/EXR/M.USD.EUR.SP00.A?format=csvdata&startPeriod=2026-01&endPeriod=2026-12,2026-08-03,high,1.0999999999999999,0.2,0.12518120136571795,0.32518120136571793,5,a100_reserved_3yr,NVIDIA A100 (reserved 3yr),1.6584,0.8039187160119888,True,0.0754831170801483,0.2
NO2,Norway NO2,NO,supply-rich,0.1141870814810376,0.074088900025,0.135583167243218,98.15241259711073,44,5183,9,https://api.energy-charts.info/price?bzn=NO2&start=2026-01-01&end=2026-12-31,CC BY 4.0 (creativecommons.org/licenses/by/4.0) from Bundesnetzagentur | SMARD.de,1.163365,https://data-api.ecb.europa.eu/service/data/EXR/M.USD.EUR.SP00.A?format=csvdata&startPeriod=2026-01&endPeriod=2026-12,2026-08-03,high,1.0999999999999999,0.2,0.12560578962914135,0.32560578962914133,6,a100_reserved_3yr,NVIDIA A100 (reserved 3yr),1.6584,0.8036626931806914,True,0.07573913991144557,0.2
AT,Austria,AT,constrained,0.1295654371962836,0.1007163940122569,0.1645667553065356,111.3712697186899,243,5183,9,https://api.energy-charts.info/price?bzn=AT&start=2026-01-01&end=2026-12-31,CC BY 4.0 (creativecommons.org/licenses/by/4.0) from Bundesnetzagentur | SMARD.de,1.163365,https://data-api.ecb.europa.eu/service/data/EXR/M.USD.EUR.SP00.A?format=csvdata&startPeriod=2026-01&endPeriod=2026-12,2026-08-03,high,1.0999999999999999,0.2,0.14252198091591195,0.34252198091591196,7,a100_reserved_3yr,NVIDIA A100 (reserved 3yr),1.6584,0.793462384879455,True,0.08593944821268207,0.2
FR,France,FR,constrained,0.0847279135875156,0.0460197140404166,0.1352171713765957,72.83003493101099,492,5183,9,https://api.energy-charts.info/price?bzn=FR&start=2026-01-01&end=2026-12-31,CC BY 4.0 (creativecommons.org/licenses/by/4.0) from Bundesnetzagentur | SMARD.de,1.163365,https://data-api.ecb.europa.eu/service/data/EXR/M.USD.EUR.SP00.A?format=csvdata&startPeriod=2026-01&endPeriod=2026-12,2026-08-03,high,1.0999999999999999,0.2,0.09320070494626714,0.29320070494626715,1,a100_spot,NVIDIA A100 (spot),0.8168,0.6410373347866465,True,0.11410468284312825,0.2
SE4,Sweden SE4,SE,supply-rich,0.0902310626724959,0.0470813815499999,0.1239704639092447,77.5604068134214,85,5183,9,https://api.energy-charts.info/price?bzn=SE4&start=2026-01-01&end=2026-12-31,CC BY 4.0 (creativecommons.org/licenses/by/4.0) from Bundesnetzagentur | SMARD.de,1.163365,https://data-api.ecb.europa.eu/service/data/EXR/M.USD.EUR.SP00.A?format=csvdata&startPeriod=2026-01&endPeriod=2026-12,2026-08-03,high,1.0999999999999999,0.2,0.09925416893974547,0.2992541689397455,2,a100_spot,NVIDIA A100 (spot),0.8168,0.633626139887677,True,0.12151587774209778,0.2
NL,Netherlands,NL,constrained,0.11370083961838,0.0738067840124999,0.1408327589840425,97.7344510264449,313,5183,9,https://api.energy-charts.info/price?bzn=NL&start=2026-01-01&end=2026-12-31,CC BY 4.0 (creativecommons.org/licenses/by/4.0) from Bundesnetzagentur | SMARD.de,1.163365,https://data-api.ecb.europa.eu/service/data/EXR/M.USD.EUR.SP00.A?format=csvdata&startPeriod=2026-01&endPeriod=2026-12,2026-08-03,high,1.0999999999999999,0.2,0.12507092358021799,0.325070923580218,3,a100_spot,NVIDIA A100 (spot),0.8168,0.6020189476246106,True,0.15312307000516404,0.2
BE,Belgium,BE,constrained,0.1137556747020991,0.0904865297,0.1439149336606383,97.78158591852008,264,5183,9,https://api.energy-charts.info/price?bzn=BE&start=2026-01-01&end=2026-12-31,CC BY 4.0 (creativecommons.org/licenses/by/4.0) from Bundesnetzagentur | SMARD.de,1.163365,https://data-api.ecb.europa.eu/service/data/EXR/M.USD.EUR.SP00.A?format=csvdata&startPeriod=2026-01&endPeriod=2026-12,2026-08-03,high,1.0999999999999999,0.2,0.125131242172309,0.32513124217230904,4,a100_spot,NVIDIA A100 (spot),0.8168,0.6019451001808165,True,0.15319691744895814,0.2
DE-LU,Germany/Luxembourg,DE,constrained,0.1138010921506527,0.0677980037875,0.1453192946708776,97.8206256425565,382,5183,9,https://api.energy-charts.info/price?bzn=DE-LU&start=2026-01-01&end=2026-12-31,CC BY 4.0 (creativecommons.org/licenses/by/4.0) from Bundesnetzagentur | SMARD.de,1.163365,https://data-api.ecb.europa.eu/service/data/EXR/M.USD.EUR.SP00.A?format=csvdata&startPeriod=2026-01&endPeriod=2026-12,2026-08-03,high,1.0999999999999999,0.2,0.12518120136571795,0.32518120136571793,5,a100_spot,NVIDIA A100 (spot),0.8168,0.6018839356443219,True,0.15325808198545293,0.2
NO2,Norway NO2,NO,supply-rich,0.1141870814810376,0.074088900025,0.135583167243218,98.15241259711073,44,5183,9,https://api.energy-charts.info/price?bzn=NO2&start=2026-01-01&end=2026-12-31,CC BY 4.0 (creativecommons.org/licenses/by/4.0) from Bundesnetzagentur | SMARD.de,1.163365,https://data-api.ecb.europa.eu/service/data/EXR/M.USD.EUR.SP00.A?format=csvdata&startPeriod=2026-01&endPeriod=2026-12,2026-08-03,high,1.0999999999999999,0.2,0.12560578962914135,0.32560578962914133,6,a100_spot,NVIDIA A100 (spot),0.8168,0.6013641165167222,True,0.1537779011130526,0.2
AT,Austria,AT,constrained,0.1295654371962836,0.1007163940122569,0.1645667553065356,111.3712697186899,243,5183,9,https://api.energy-charts.info/price?bzn=AT&start=2026-01-01&end=2026-12-31,CC BY 4.0 (creativecommons.org/licenses/by/4.0) from Bundesnetzagentur | SMARD.de,1.163365,https://data-api.ecb.europa.eu/service/data/EXR/M.USD.EUR.SP00.A?format=csvdata&startPeriod=2026-01&endPeriod=2026-12,2026-08-03,high,1.0999999999999999,0.2,0.14252198091591195,0.34252198091591196,7,a100_spot,NVIDIA A100 (spot),0.8168,0.5806537941773849,True,0.17448822345238976,0.2
FR,France,FR,constrained,0.0847279135875156,0.0460197140404166,0.1352171713765957,72.83003493101099,492,5183,9,https://api.energy-charts.info/price?bzn=FR&start=2026-01-01&end=2026-12-31,CC BY 4.0 (creativecommons.org/licenses/by/4.0) from Bundesnetzagentur | SMARD.de,1.163365,https://data-api.ecb.europa.eu/service/data/EXR/M.USD.EUR.SP00.A?format=csvdata&startPeriod=2026-01&endPeriod=2026-12,2026-08-03,high,1.0999999999999999,0.2,0.09320070494626714,0.29320070494626715,1,h100_on_demand,NVIDIA H100 (on demand),14.1335,0.9792549117383332,True,0.006594311737805013,0.2
SE4,Sweden SE4,SE,supply-rich,0.0902310626724959,0.0470813815499999,0.1239704639092447,77.5604068134214,85,5183,9,https://api.energy-charts.info/price?bzn=SE4&start=2026-01-01&end=2026-12-31,CC BY 4.0 (creativecommons.org/licenses/by/4.0) from Bundesnetzagentur | SMARD.de,1.163365,https://data-api.ecb.europa.eu/service/data/EXR/M.USD.EUR.SP00.A?format=csvdata&startPeriod=2026-01&endPeriod=2026-12,2026-08-03,high,1.0999999999999999,0.2,0.09925416893974547,0.2992541689397455,2,h100_on_demand,NVIDIA H100 (on demand),14.1335,0.9788266056574985,True,0.00702261781863979,0.2
NL,Netherlands,NL,constrained,0.11370083961838,0.0738067840124999,0.1408327589840425,97.7344510264449,313,5183,9,https://api.energy-charts.info/price?bzn=NL&start=2026-01-01&end=2026-12-31,CC BY 4.0 (creativecommons.org/licenses/by/4.0) from Bundesnetzagentur | SMARD.de,1.163365,https://data-api.ecb.europa.eu/service/data/EXR/M.USD.EUR.SP00.A?format=csvdata&startPeriod=2026-01&endPeriod=2026-12,2026-08-03,high,1.0999999999999999,0.2,0.12507092358021799,0.325070923580218,3,h100_on_demand,NVIDIA H100 (on demand),14.1335,0.9769999700300549,True,0.008849253446083276,0.2
BE,Belgium,BE,constrained,0.1137556747020991,0.0904865297,0.1439149336606383,97.78158591852008,264,5183,9,https://api.energy-charts.info/price?bzn=BE&start=2026-01-01&end=2026-12-31,CC BY 4.0 (creativecommons.org/licenses/by/4.0) from Bundesnetzagentur | SMARD.de,1.163365,https://data-api.ecb.europa.eu/service/data/EXR/M.USD.EUR.SP00.A?format=csvdata&startPeriod=2026-01&endPeriod=2026-12,2026-08-03,high,1.0999999999999999,0.2,0.125131242172309,0.32513124217230904,4,h100_on_demand,NVIDIA H100 (on demand),14.1335,0.9769957022554704,True,0.008853521220667846,0.2
DE-LU,Germany/Luxembourg,DE,constrained,0.1138010921506527,0.0677980037875,0.1453192946708776,97.8206256425565,382,5183,9,https://api.energy-charts.info/price?bzn=DE-LU&start=2026-01-01&end=2026-12-31,CC BY 4.0 (creativecommons.org/licenses/by/4.0) from Bundesnetzagentur | SMARD.de,1.163365,https://data-api.ecb.europa.eu/service/data/EXR/M.USD.EUR.SP00.A?format=csvdata&startPeriod=2026-01&endPeriod=2026-12,2026-08-03,high,1.0999999999999999,0.2,0.12518120136571795,0.32518120136571793,5,h100_on_demand,NVIDIA H100 (on demand),14.1335,0.9769921674485642,True,0.008857056027574058,0.2
NO2,Norway NO2,NO,supply-rich,0.1141870814810376,0.074088900025,0.135583167243218,98.15241259711073,44,5183,9,https://api.energy-charts.info/price?bzn=NO2&start=2026-01-01&end=2026-12-31,CC BY 4.0 (creativecommons.org/licenses/by/4.0) from Bundesnetzagentur | SMARD.de,1.163365,https://data-api.ecb.europa.eu/service/data/EXR/M.USD.EUR.SP00.A?format=csvdata&startPeriod=2026-01&endPeriod=2026-12,2026-08-03,high,1.0999999999999999,0.2,0.12560578962914135,0.32560578962914133,6,h100_on_demand,NVIDIA H100 (on demand),14.1335,0.9769621261804123,True,0.008887097295725854,0.2
AT,Austria,AT,constrained,0.1295654371962836,0.1007163940122569,0.1645667553065356,111.3712697186899,243,5183,9,https://api.energy-charts.info/price?bzn=AT&start=2026-01-01&end=2026-12-31,CC BY 4.0 (creativecommons.org/licenses/by/4.0) from Bundesnetzagentur | SMARD.de,1.163365,https://data-api.ecb.europa.eu/service/data/EXR/M.USD.EUR.SP00.A?format=csvdata&startPeriod=2026-01&endPeriod=2026-12,2026-08-03,high,1.0999999999999999,0.2,0.14252198091591195,0.34252198091591196,7,h100_on_demand,NVIDIA H100 (on demand),14.1335,0.9757652399677424,True,0.010083983508395794,0.2
FR,France,FR,constrained,0.0847279135875156,0.0460197140404166,0.1352171713765957,72.83003493101099,492,5183,9,https://api.energy-charts.info/price?bzn=FR&start=2026-01-01&end=2026-12-31,CC BY 4.0 (creativecommons.org/licenses/by/4.0) from Bundesnetzagentur | SMARD.de,1.163365,https://data-api.ecb.europa.eu/service/data/EXR/M.USD.EUR.SP00.A?format=csvdata&startPeriod=2026-01&endPeriod=2026-12,2026-08-03,high,1.0999999999999999,0.2,0.09320070494626714,0.29320070494626715,1,h100_reserved_1yr,NVIDIA H100 (reserved 1yr),9.0454,0.9675856562511036,True,0.010303657654306846,0.2
SE4,Sweden SE4,SE,supply-rich,0.0902310626724959,0.0470813815499999,0.1239704639092447,77.5604068134214,85,5183,9,https://api.energy-charts.info/price?bzn=SE4&start=2026-01-01&end=2026-12-31,CC BY 4.0 (creativecommons.org/licenses/by/4.0) from Bundesnetzagentur | SMARD.de,1.163365,https://data-api.ecb.europa.eu/service/data/EXR/M.USD.EUR.SP00.A?format=csvdata&startPeriod=2026-01&endPeriod=2026-12,2026-08-03,high,1.0999999999999999,0.2,0.09925416893974547,0.2992541689397455,2,h100_reserved_1yr,NVIDIA H100 (reserved 1yr),9.0454,0.9669164250403802,True,0.010972888865030343,0.2
NL,Netherlands,NL,constrained,0.11370083961838,0.0738067840124999,0.1408327589840425,97.7344510264449,313,5183,9,https://api.energy-charts.info/price?bzn=NL&start=2026-01-01&end=2026-12-31,CC BY 4.0 (creativecommons.org/licenses/by/4.0) from Bundesnetzagentur | SMARD.de,1.163365,https://data-api.ecb.europa.eu/service/data/EXR/M.USD.EUR.SP00.A?format=csvdata&startPeriod=2026-01&endPeriod=2026-12,2026-08-03,high,1.0999999999999999,0.2,0.12507092358021799,0.325070923580218,3,h100_reserved_1yr,NVIDIA H100 (reserved 1yr),9.0454,0.9640622942511975,True,0.013827019654212968,0.2
BE,Belgium,BE,constrained,0.1137556747020991,0.0904865297,0.1439149336606383,97.78158591852008,264,5183,9,https://api.energy-charts.info/price?bzn=BE&start=2026-01-01&end=2026-12-31,CC BY 4.0 (creativecommons.org/licenses/by/4.0) from Bundesnetzagentur | SMARD.de,1.163365,https://data-api.ecb.europa.eu/service/data/EXR/M.USD.EUR.SP00.A?format=csvdata&startPeriod=2026-01&endPeriod=2026-12,2026-08-03,high,1.0999999999999999,0.2,0.125131242172309,0.32513124217230904,4,h100_reserved_1yr,NVIDIA H100 (reserved 1yr),9.0454,0.9640556258239205,True,0.013833688081489928,0.2
DE-LU,Germany/Luxembourg,DE,constrained,0.1138010921506527,0.0677980037875,0.1453192946708776,97.8206256425565,382,5183,9,https://api.energy-charts.info/price?bzn=DE-LU&start=2026-01-01&end=2026-12-31,CC BY 4.0 (creativecommons.org/licenses/by/4.0) from Bundesnetzagentur | SMARD.de,1.163365,https://data-api.ecb.europa.eu/service/data/EXR/M.USD.EUR.SP00.A?format=csvdata&startPeriod=2026-01&endPeriod=2026-12,2026-08-03,high,1.0999999999999999,0.2,0.12518120136571795,0.32518120136571793,5,h100_reserved_1yr,NVIDIA H100 (reserved 1yr),9.0454,0.9640501026637056,True,0.013839211241704948,0.2
NO2,Norway NO2,NO,supply-rich,0.1141870814810376,0.074088900025,0.135583167243218,98.15241259711073,44,5183,9,https://api.energy-charts.info/price?bzn=NO2&start=2026-01-01&end=2026-12-31,CC BY 4.0 (creativecommons.org/licenses/by/4.0) from Bundesnetzagentur | SMARD.de,1.163365,https://data-api.ecb.europa.eu/service/data/EXR/M.USD.EUR.SP00.A?format=csvdata&startPeriod=2026-01&endPeriod=2026-12,2026-08-03,high,1.0999999999999999,0.2,0.12560578962914135,0.32560578962914133,6,h100_reserved_1yr,NVIDIA H100 (reserved 1yr),9.0454,0.9640031629746455,True,0.013886150930764956,0.2
AT,Austria,AT,constrained,0.1295654371962836,0.1007163940122569,0.1645667553065356,111.3712697186899,243,5183,9,https://api.energy-charts.info/price?bzn=AT&start=2026-01-01&end=2026-12-31,CC BY 4.0 (creativecommons.org/licenses/by/4.0) from Bundesnetzagentur | SMARD.de,1.163365,https://data-api.ecb.europa.eu/service/data/EXR/M.USD.EUR.SP00.A?format=csvdata&startPeriod=2026-01&endPeriod=2026-12,2026-08-03,high,1.0999999999999999,0.2,0.14252198091591195,0.34252198091591196,7,h100_reserved_1yr,NVIDIA H100 (reserved 1yr),9.0454,0.9621330199973565,True,0.015756293908054032,0.2
FR,France,FR,constrained,0.0847279135875156,0.0460197140404166,0.1352171713765957,72.83003493101099,492,5183,9,https://api.energy-charts.info/price?bzn=FR&start=2026-01-01&end=2026-12-31,CC BY 4.0 (creativecommons.org/licenses/by/4.0) from Bundesnetzagentur | SMARD.de,1.163365,https://data-api.ecb.europa.eu/service/data/EXR/M.USD.EUR.SP00.A?format=csvdata&startPeriod=2026-01&endPeriod=2026-12,2026-08-03,high,1.0999999999999999,0.2,0.09320070494626714,0.29320070494626715,1,h100_reserved_3yr,NVIDIA H100 (reserved 3yr),6.2046,0.9527446241584845,True,0.015021226984216087,0.2
SE4,Sweden SE4,SE,supply-rich,0.0902310626724959,0.0470813815499999,0.1239704639092447,77.5604068134214,85,5183,9,https://api.energy-charts.info/price?bzn=SE4&start=2026-01-01&end=2026-12-31,CC BY 4.0 (creativecommons.org/licenses/by/4.0) from Bundesnetzagentur | SMARD.de,1.163365,https://data-api.ecb.europa.eu/service/data/EXR/M.USD.EUR.SP00.A?format=csvdata&startPeriod=2026-01&endPeriod=2026-12,2026-08-03,high,1.0999999999999999,0.2,0.09925416893974547,0.2992541689397455,2,h100_reserved_3yr,NVIDIA H100 (reserved 3yr),6.2046,0.9517689828611441,True,0.0159968682815565,0.2
NL,Netherlands,NL,constrained,0.11370083961838,0.0738067840124999,0.1408327589840425,97.7344510264449,313,5183,9,https://api.energy-charts.info/price?bzn=NL&start=2026-01-01&end=2026-12-31,CC BY 4.0 (creativecommons.org/licenses/by/4.0) from Bundesnetzagentur | SMARD.de,1.163365,https://data-api.ecb.europa.eu/service/data/EXR/M.USD.EUR.SP00.A?format=csvdata&startPeriod=2026-01&endPeriod=2026-12,2026-08-03,high,1.0999999999999999,0.2,0.12507092358021799,0.325070923580218,3,h100_reserved_3yr,NVIDIA H100 (reserved 3yr),6.2046,0.9476080773006773,True,0.020157773842023333,0.2
BE,Belgium,BE,constrained,0.1137556747020991,0.0904865297,0.1439149336606383,97.78158591852008,264,5183,9,https://api.energy-charts.info/price?bzn=BE&start=2026-01-01&end=2026-12-31,CC BY 4.0 (creativecommons.org/licenses/by/4.0) from Bundesnetzagentur | SMARD.de,1.163365,https://data-api.ecb.europa.eu/service/data/EXR/M.USD.EUR.SP00.A?format=csvdata&startPeriod=2026-01&endPeriod=2026-12,2026-08-03,high,1.0999999999999999,0.2,0.125131242172309,0.32513124217230904,4,h100_reserved_3yr,NVIDIA H100 (reserved 3yr),6.2046,0.9475983557082956,True,0.020167495434404957,0.2
DE-LU,Germany/Luxembourg,DE,constrained,0.1138010921506527,0.0677980037875,0.1453192946708776,97.8206256425565,382,5183,9,https://api.energy-charts.info/price?bzn=DE-LU&start=2026-01-01&end=2026-12-31,CC BY 4.0 (creativecommons.org/licenses/by/4.0) from Bundesnetzagentur | SMARD.de,1.163365,https://data-api.ecb.europa.eu/service/data/EXR/M.USD.EUR.SP00.A?format=csvdata&startPeriod=2026-01&endPeriod=2026-12,2026-08-03,high,1.0999999999999999,0.2,0.12518120136571795,0.32518120136571793,5,h100_reserved_3yr,NVIDIA H100 (reserved 3yr),6.2046,0.94759030374791,True,0.02017554739479063,0.2
NO2,Norway NO2,NO,supply-rich,0.1141870814810376,0.074088900025,0.135583167243218,98.15241259711073,44,5183,9,https://api.energy-charts.info/price?bzn=NO2&start=2026-01-01&end=2026-12-31,CC BY 4.0 (creativecommons.org/licenses/by/4.0) from Bundesnetzagentur | SMARD.de,1.163365,https://data-api.ecb.europa.eu/service/data/EXR/M.USD.EUR.SP00.A?format=csvdata&startPeriod=2026-01&endPeriod=2026-12,2026-08-03,high,1.0999999999999999,0.2,0.12560578962914135,0.32560578962914133,6,h100_reserved_3yr,NVIDIA H100 (reserved 3yr),6.2046,0.9475218725414787,True,0.02024397860122189,0.2
AT,Austria,AT,constrained,0.1295654371962836,0.1007163940122569,0.1645667553065356,111.3712697186899,243,5183,9,https://api.energy-charts.info/price?bzn=AT&start=2026-01-01&end=2026-12-31,CC BY 4.0 (creativecommons.org/licenses/by/4.0) from Bundesnetzagentur | SMARD.de,1.163365,https://data-api.ecb.europa.eu/service/data/EXR/M.USD.EUR.SP00.A?format=csvdata&startPeriod=2026-01&endPeriod=2026-12,2026-08-03,high,1.0999999999999999,0.2,0.14252198091591195,0.34252198091591196,7,h100_reserved_3yr,NVIDIA H100 (reserved 3yr),6.2046,0.9447954774012971,True,0.022970373741403465,0.2
FR,France,FR,constrained,0.0847279135875156,0.0460197140404166,0.1352171713765957,72.83003493101099,492,5183,9,https://api.energy-charts.info/price?bzn=FR&start=2026-01-01&end=2026-12-31,CC BY 4.0 (creativecommons.org/licenses/by/4.0) from Bundesnetzagentur | SMARD.de,1.163365,https://data-api.ecb.europa.eu/service/data/EXR/M.USD.EUR.SP00.A?format=csvdata&startPeriod=2026-01&endPeriod=2026-12,2026-08-03,high,1.0999999999999999,0.2,0.09320070494626714,0.29320070494626715,1,h100_reserved_5yr,NVIDIA H100 (reserved 5yr),5.6534,0.9481372793458331,True,0.01648577934451253,0.2
SE4,Sweden SE4,SE,supply-rich,0.0902310626724959,0.0470813815499999,0.1239704639092447,77.5604068134214,85,5183,9,https://api.energy-charts.info/price?bzn=SE4&start=2026-01-01&end=2026-12-31,CC BY 4.0 (creativecommons.org/licenses/by/4.0) from Bundesnetzagentur | SMARD.de,1.163365,https://data-api.ecb.europa.eu/service/data/EXR/M.USD.EUR.SP00.A?format=csvdata&startPeriod=2026-01&endPeriod=2026-12,2026-08-03,high,1.0999999999999999,0.2,0.09925416893974547,0.2992541689397455,2,h100_reserved_5yr,NVIDIA H100 (reserved 5yr),5.6534,0.9470665141437462,True,0.01755654454659947,0.2
NL,Netherlands,NL,constrained,0.11370083961838,0.0738067840124999,0.1408327589840425,97.7344510264449,313,5183,9,https://api.energy-charts.info/price?bzn=NL&start=2026-01-01&end=2026-12-31,CC BY 4.0 (creativecommons.org/licenses/by/4.0) from Bundesnetzagentur | SMARD.de,1.163365,https://data-api.ecb.europa.eu/service/data/EXR/M.USD.EUR.SP00.A?format=csvdata&startPeriod=2026-01&endPeriod=2026-12,2026-08-03,high,1.0999999999999999,0.2,0.12507092358021799,0.325070923580218,3,h100_reserved_5yr,NVIDIA H100 (reserved 5yr),5.6534,0.9424999250751375,True,0.02212313361520819,0.2
BE,Belgium,BE,constrained,0.1137556747020991,0.0904865297,0.1439149336606383,97.78158591852008,264,5183,9,https://api.energy-charts.info/price?bzn=BE&start=2026-01-01&end=2026-12-31,CC BY 4.0 (creativecommons.org/licenses/by/4.0) from Bundesnetzagentur | SMARD.de,1.163365,https://data-api.ecb.europa.eu/service/data/EXR/M.USD.EUR.SP00.A?format=csvdata&startPeriod=2026-01&endPeriod=2026-12,2026-08-03,high,1.0999999999999999,0.2,0.125131242172309,0.32513124217230904,4,h100_reserved_5yr,NVIDIA H100 (reserved 5yr),5.6534,0.942489255638676,True,0.022133803051669614,0.2
DE-LU,Germany/Luxembourg,DE,constrained,0.1138010921506527,0.0677980037875,0.1453192946708776,97.8206256425565,382,5183,9,https://api.energy-charts.info/price?bzn=DE-LU&start=2026-01-01&end=2026-12-31,CC BY 4.0 (creativecommons.org/licenses/by/4.0) from Bundesnetzagentur | SMARD.de,1.163365,https://data-api.ecb.europa.eu/service/data/EXR/M.USD.EUR.SP00.A?format=csvdata&startPeriod=2026-01&endPeriod=2026-12,2026-08-03,high,1.0999999999999999,0.2,0.12518120136571795,0.32518120136571793,5,h100_reserved_5yr,NVIDIA H100 (reserved 5yr),5.6534,0.9424804186214105,True,0.022142640068935144,0.2
NO2,Norway NO2,NO,supply-rich,0.1141870814810376,0.074088900025,0.135583167243218,98.15241259711073,44,5183,9,https://api.energy-charts.info/price?bzn=NO2&start=2026-01-01&end=2026-12-31,CC BY 4.0 (creativecommons.org/licenses/by/4.0) from Bundesnetzagentur | SMARD.de,1.163365,https://data-api.ecb.europa.eu/service/data/EXR/M.USD.EUR.SP00.A?format=csvdata&startPeriod=2026-01&endPeriod=2026-12,2026-08-03,high,1.0999999999999999,0.2,0.12560578962914135,0.32560578962914133,6,h100_reserved_5yr,NVIDIA H100 (reserved 5yr),5.6534,0.942405315451031,True,0.022217743239314632,0.2
AT,Austria,AT,constrained,0.1295654371962836,0.1007163940122569,0.1645667553065356,111.3712697186899,243,5183,9,https://api.energy-charts.info/price?bzn=AT&start=2026-01-01&end=2026-12-31,CC BY 4.0 (creativecommons.org/licenses/by/4.0) from Bundesnetzagentur | SMARD.de,1.163365,https://data-api.ecb.europa.eu/service/data/EXR/M.USD.EUR.SP00.A?format=csvdata&startPeriod=2026-01&endPeriod=2026-12,2026-08-03,high,1.0999999999999999,0.2,0.14252198091591195,0.34252198091591196,7,h100_reserved_5yr,NVIDIA H100 (reserved 5yr),5.6534,0.9394130999193562,True,0.02520995877098948,0.2
FR,France,FR,constrained,0.0847279135875156,0.0460197140404166,0.1352171713765957,72.83003493101099,492,5183,9,https://api.energy-charts.info/price?bzn=FR&start=2026-01-01&end=2026-12-31,CC BY 4.0 (creativecommons.org/licenses/by/4.0) from Bundesnetzagentur | SMARD.de,1.163365,https://data-api.ecb.europa.eu/service/data/EXR/M.USD.EUR.SP00.A?format=csvdata&startPeriod=2026-01&endPeriod=2026-12,2026-08-03,high,1.0999999999999999,0.2,0.09320070494626714,0.29320070494626715,1,h100_spot,NVIDIA H100 (spot),2.6119,0.8877442838752374,True,0.03568310614735141,0.2
SE4,Sweden SE4,SE,supply-rich,0.0902310626724959,0.0470813815499999,0.1239704639092447,77.5604068134214,85,5183,9,https://api.energy-charts.info/price?bzn=SE4&start=2026-01-01&end=2026-12-31,CC BY 4.0 (creativecommons.org/licenses/by/4.0) from Bundesnetzagentur | SMARD.de,1.163365,https://data-api.ecb.europa.eu/service/data/EXR/M.USD.EUR.SP00.A?format=csvdata&startPeriod=2026-01&endPeriod=2026-12,2026-08-03,high,1.0999999999999999,0.2,0.09925416893974547,0.2992541689397455,2,h100_spot,NVIDIA H100 (spot),2.6119,0.8854266361883129,True,0.038000753834275994,0.2
NL,Netherlands,NL,constrained,0.11370083961838,0.0738067840124999,0.1408327589840425,97.7344510264449,313,5183,9,https://api.energy-charts.info/price?bzn=NL&start=2026-01-01&end=2026-12-31,CC BY 4.0 (creativecommons.org/licenses/by/4.0) from Bundesnetzagentur | SMARD.de,1.163365,https://data-api.ecb.europa.eu/service/data/EXR/M.USD.EUR.SP00.A?format=csvdata&startPeriod=2026-01&endPeriod=2026-12,2026-08-03,high,1.0999999999999999,0.2,0.12507092358021799,0.325070923580218,3,h100_spot,NVIDIA H100 (spot),2.6119,0.8755423547684759,True,0.04788503525411309,0.2
BE,Belgium,BE,constrained,0.1137556747020991,0.0904865297,0.1439149336606383,97.78158591852008,264,5183,9,https://api.energy-charts.info/price?bzn=BE&start=2026-01-01&end=2026-12-31,CC BY 4.0 (creativecommons.org/licenses/by/4.0) from Bundesnetzagentur | SMARD.de,1.163365,https://data-api.ecb.europa.eu/service/data/EXR/M.USD.EUR.SP00.A?format=csvdata&startPeriod=2026-01&endPeriod=2026-12,2026-08-03,high,1.0999999999999999,0.2,0.125131242172309,0.32513124217230904,4,h100_spot,NVIDIA H100 (spot),2.6119,0.8755192610083429,True,0.04790812901424595,0.2
DE-LU,Germany/Luxembourg,DE,constrained,0.1138010921506527,0.0677980037875,0.1453192946708776,97.8206256425565,382,5183,9,https://api.energy-charts.info/price?bzn=DE-LU&start=2026-01-01&end=2026-12-31,CC BY 4.0 (creativecommons.org/licenses/by/4.0) from Bundesnetzagentur | SMARD.de,1.163365,https://data-api.ecb.europa.eu/service/data/EXR/M.USD.EUR.SP00.A?format=csvdata&startPeriod=2026-01&endPeriod=2026-12,2026-08-03,high,1.0999999999999999,0.2,0.12518120136571795,0.32518120136571793,5,h100_spot,NVIDIA H100 (spot),2.6119,0.8755001334791844,True,0.0479272565434044,0.2
NO2,Norway NO2,NO,supply-rich,0.1141870814810376,0.074088900025,0.135583167243218,98.15241259711073,44,5183,9,https://api.energy-charts.info/price?bzn=NO2&start=2026-01-01&end=2026-12-31,CC BY 4.0 (creativecommons.org/licenses/by/4.0) from Bundesnetzagentur | SMARD.de,1.163365,https://data-api.ecb.europa.eu/service/data/EXR/M.USD.EUR.SP00.A?format=csvdata&startPeriod=2026-01&endPeriod=2026-12,2026-08-03,high,1.0999999999999999,0.2,0.12560578962914135,0.32560578962914133,6,h100_spot,NVIDIA H100 (spot),2.6119,0.8753375743217039,True,0.04808981570088493,0.2
AT,Austria,AT,constrained,0.1295654371962836,0.1007163940122569,0.1645667553065356,111.3712697186899,243,5183,9,https://api.energy-charts.info/price?bzn=AT&start=2026-01-01&end=2026-12-31,CC BY 4.0 (creativecommons.org/licenses/by/4.0) from Bundesnetzagentur | SMARD.de,1.163365,https://data-api.ecb.europa.eu/service/data/EXR/M.USD.EUR.SP00.A?format=csvdata&startPeriod=2026-01&endPeriod=2026-12,2026-08-03,high,1.0999999999999999,0.2,0.14252198091591195,0.34252198091591196,7,h100_spot,NVIDIA H100 (spot),2.6119,0.868860989733178,True,0.05456640028941076,0.2
