bzn,zone_name,country,role,month,mean_eur_mwh,p10_eur_mwh,p90_eur_mwh,volatility_eur_mwh,negative_hours,hour_count,source_url,license,mean_usd_kwh,p10_usd_kwh,p90_usd_kwh,volatility_usd_kwh,fx_usd_per_eur,fx_source_url,as_of_date,confidence
AT,Austria,AT,constrained,2022-12,12.06,12.06,12.06,,0,1,https://api.energy-charts.info/price?bzn=AT&start=2023-01-01&end=2023-12-31,CC BY 4.0 (creativecommons.org/licenses/by/4.0) from Bundesnetzagentur | SMARD.de,0.0140301819,0.0140301819,0.0140301819,,1.163365,https://data-api.ecb.europa.eu/service/data/EXR/M.USD.EUR.SP00.A?format=csvdata&startPeriod=2023-01&endPeriod=2026-12,2026-08-04,high
AT,Austria,AT,constrained,2023-01,144.68841397849462,95.714,189.982,45.47324767978532,7,744,https://api.energy-charts.info/price?bzn=AT&start=2023-01-01&end=2023-12-31,CC BY 4.0 (creativecommons.org/licenses/by/4.0) from Bundesnetzagentur | SMARD.de,0.16832543672809142,0.11135031760999999,0.22101840942999998,0.05290198478699344,1.163365,https://data-api.ecb.europa.eu/service/data/EXR/M.USD.EUR.SP00.A?format=csvdata&startPeriod=2023-01&endPeriod=2026-12,2026-08-04,high
AT,Austria,AT,constrained,2023-02,144.64925595238097,109.10199999999999,178.578,27.620503805037238,0,672,https://api.energy-charts.info/price?bzn=AT&start=2023-01-01&end=2023-12-31,CC BY 4.0 (creativecommons.org/licenses/by/4.0) from Bundesnetzagentur | SMARD.de,0.16827988165104169,0.12692544823,0.20775139497,0.03213272740914715,1.163365,https://data-api.ecb.europa.eu/service/data/EXR/M.USD.EUR.SP00.A?format=csvdata&startPeriod=2023-01&endPeriod=2026-12,2026-08-04,high
AT,Austria,AT,constrained,2023-03,113.23418010752688,77.36699999999999,152.874,33.37363888473914,0,744,https://api.energy-charts.info/price?bzn=AT&start=2023-01-01&end=2023-12-31,CC BY 4.0 (creativecommons.org/licenses/by/4.0) from Bundesnetzagentur | SMARD.de,0.13173268194079302,0.09000605995499998,0.17784826100999998,0.03882572340114454,1.163365,https://data-api.ecb.europa.eu/service/data/EXR/M.USD.EUR.SP00.A?format=csvdata&startPeriod=2023-01&endPeriod=2026-12,2026-08-04,high
AT,Austria,AT,constrained,2023-04,104.89081944444445,67.769,137.96200000000002,31.6032006313943,0,720,https://api.energy-charts.info/price?bzn=AT&start=2023-01-01&end=2023-12-31,CC BY 4.0 (creativecommons.org/licenses/by/4.0) from Bundesnetzagentur | SMARD.de,0.12202630816298611,0.07884008268499999,0.16050016213,0.036766057502542034,1.163365,https://data-api.ecb.europa.eu/service/data/EXR/M.USD.EUR.SP00.A?format=csvdata&startPeriod=2023-01&endPeriod=2026-12,2026-08-04,high
AT,Austria,AT,constrained,2023-05,82.24633064516128,30.201999999999998,116.915,35.179568107415804,24,744,https://api.energy-charts.info/price?bzn=AT&start=2023-01-01&end=2023-12-31,CC BY 4.0 (creativecommons.org/licenses/by/4.0) from Bundesnetzagentur | SMARD.de,0.09568250245100805,0.03513594973,0.136014818975,0.040926678251283787,1.163365,https://data-api.ecb.europa.eu/service/data/EXR/M.USD.EUR.SP00.A?format=csvdata&startPeriod=2023-01&endPeriod=2026-12,2026-08-04,high
AT,Austria,AT,constrained,2023-06,94.90287500000001,56.077999999999996,134.788,34.833917641970025,16,720,https://api.energy-charts.info/price?bzn=AT&start=2023-01-01&end=2023-12-31,CC BY 4.0 (creativecommons.org/licenses/by/4.0) from Bundesnetzagentur | SMARD.de,0.110406683174375,0.06523918246999999,0.15680764162,0.040524560597550455,1.163365,https://data-api.ecb.europa.eu/service/data/EXR/M.USD.EUR.SP00.A?format=csvdata&startPeriod=2023-01&endPeriod=2026-12,2026-08-04,high
AT,Austria,AT,constrained,2023-07,84.71985215053763,20.220999999999997,121.20700000000001,43.64005330042859,28,744,https://api.energy-charts.info/price?bzn=AT&start=2023-01-01&end=2023-12-31,CC BY 4.0 (creativecommons.org/licenses/by/4.0) from Bundesnetzagentur | SMARD.de,0.09856011079711022,0.023524403664999995,0.14100798155500002,0.050769310607853106,1.163365,https://data-api.ecb.europa.eu/service/data/EXR/M.USD.EUR.SP00.A?format=csvdata&startPeriod=2023-01&endPeriod=2026-12,2026-08-04,high
AT,Austria,AT,constrained,2023-08,92.78387096774193,33.299,136.38000000000002,40.725457682317135,14,744,https://api.energy-charts.info/price?bzn=AT&start=2023-01-01&end=2023-12-31,CC BY 4.0 (creativecommons.org/licenses/by/4.0) from Bundesnetzagentur | SMARD.de,0.10794150804838709,0.038738891134999995,0.1586597187,0.047378572076588875,1.163365,https://data-api.ecb.europa.eu/service/data/EXR/M.USD.EUR.SP00.A?format=csvdata&startPeriod=2023-01&endPeriod=2026-12,2026-08-04,high
AT,Austria,AT,constrained,2023-09,101.37830555555556,65.48100000000001,140.212,41.696930911909696,2,720,https://api.energy-charts.info/price?bzn=AT&start=2023-01-01&end=2023-12-31,CC BY 4.0 (creativecommons.org/licenses/by/4.0) from Bundesnetzagentur | SMARD.de,0.11793997244263889,0.07617830356500001,0.16311773337999996,0.04850875003033382,1.163365,https://data-api.ecb.europa.eu/service/data/EXR/M.USD.EUR.SP00.A?format=csvdata&startPeriod=2023-01&endPeriod=2026-12,2026-08-04,high
AT,Austria,AT,constrained,2023-10,99.2014247311828,42.49999999999999,144.95100000000002,40.51291962631713,2,744,https://api.energy-charts.info/price?bzn=AT&start=2023-01-01&end=2023-12-31,CC BY 4.0 (creativecommons.org/licenses/by/4.0) from Bundesnetzagentur | SMARD.de,0.11540746548239247,0.04944301249999999,0.168630920115,0.04713131274107042,1.163365,https://data-api.ecb.europa.eu/service/data/EXR/M.USD.EUR.SP00.A?format=csvdata&startPeriod=2023-01&endPeriod=2026-12,2026-08-04,high
AT,Austria,AT,constrained,2023-11,93.64368055555555,30.724000000000004,136.269,41.13469790954124,0,720,https://api.energy-charts.info/price?bzn=AT&start=2023-01-01&end=2023-12-31,CC BY 4.0 (creativecommons.org/licenses/by/4.0) from Bundesnetzagentur | SMARD.de,0.10894178042951388,0.03574322626000001,0.15853058518500002,0.04785466783353344,1.163365,https://data-api.ecb.europa.eu/service/data/EXR/M.USD.EUR.SP00.A?format=csvdata&startPeriod=2023-01&endPeriod=2026-12,2026-08-04,high
AT,Austria,AT,constrained,2023-12,73.02755376344086,6.699,127.96,45.90512155951825,18,744,https://api.energy-charts.info/price?bzn=AT&start=2023-01-01&end=2023-12-31,CC BY 4.0 (creativecommons.org/licenses/by/4.0) from Bundesnetzagentur | SMARD.de,0.08495770008400538,0.007793382135,0.1488641854,0.05340441174308895,1.163365,https://data-api.ecb.europa.eu/service/data/EXR/M.USD.EUR.SP00.A?format=csvdata&startPeriod=2023-01&endPeriod=2026-12,2026-08-04,high
AT,Austria,AT,constrained,2024-01,81.43021505376345,54.308,111.50600000000003,25.196848436888626,2,744,https://api.energy-charts.info/price?bzn=AT&start=2024-01-01&end=2024-12-31,CC BY 4.0 (creativecommons.org/licenses/by/4.0) from Bundesnetzagentur | SMARD.de,0.09473306213602152,0.06318002642,0.12972217769000002,0.029313131581780935,1.163365,https://data-api.ecb.europa.eu/service/data/EXR/M.USD.EUR.SP00.A?format=csvdata&startPeriod=2023-01&endPeriod=2026-12,2026-08-04,high
AT,Austria,AT,constrained,2024-02,65.76545977011494,44.855000000000004,86.30000000000001,17.520948910477397,0,696,https://api.energy-charts.info/price?bzn=AT&start=2024-01-01&end=2024-12-31,CC BY 4.0 (creativecommons.org/licenses/by/4.0) from Bundesnetzagentur | SMARD.de,0.07650923410545976,0.052182737075000006,0.10039839950000001,0.020383258729237536,1.163365,https://data-api.ecb.europa.eu/service/data/EXR/M.USD.EUR.SP00.A?format=csvdata&startPeriod=2023-01&endPeriod=2026-12,2026-08-04,high
AT,Austria,AT,constrained,2024-03,63.56823924731182,27.081,92.579,26.474387836107827,6,744,https://api.energy-charts.info/price?bzn=AT&start=2024-01-01&end=2024-12-31,CC BY 4.0 (creativecommons.org/licenses/by/4.0) from Bundesnetzagentur | SMARD.de,0.07395306465194892,0.031505087565,0.10770316833499999,0.03079937620495358,1.163365,https://data-api.ecb.europa.eu/service/data/EXR/M.USD.EUR.SP00.A?format=csvdata&startPeriod=2023-01&endPeriod=2026-12,2026-08-04,high
AT,Austria,AT,constrained,2024-04,58.783361111111105,0.06900000000000006,100.94900000000001,39.725420662637674,53,720,https://api.energy-charts.info/price?bzn=AT&start=2024-01-01&end=2024-12-31,CC BY 4.0 (creativecommons.org/licenses/by/4.0) from Bundesnetzagentur | SMARD.de,0.06838650489902777,8.027218500000007e-05,0.117440533385,0.04621516400918948,1.163365,https://data-api.ecb.europa.eu/service/data/EXR/M.USD.EUR.SP00.A?format=csvdata&startPeriod=2023-01&endPeriod=2026-12,2026-08-04,high
AT,Austria,AT,constrained,2024-05,64.21232526881721,0.0,107.33700000000002,41.830456108518376,73,744,https://api.energy-charts.info/price?bzn=AT&start=2024-01-01&end=2024-12-31,CC BY 4.0 (creativecommons.org/licenses/by/4.0) from Bundesnetzagentur | SMARD.de,0.07470237178635754,0.0,0.12487210900500001,0.04866408857068648,1.163365,https://data-api.ecb.europa.eu/service/data/EXR/M.USD.EUR.SP00.A?format=csvdata&startPeriod=2023-01&endPeriod=2026-12,2026-08-04,high
AT,Austria,AT,constrained,2024-06,72.41816666666666,-0.0019999999999998864,112.079,109.38066983852973,72,720,https://api.energy-charts.info/price?bzn=AT&start=2024-01-01&end=2024-12-31,CC BY 4.0 (creativecommons.org/licenses/by/4.0) from Bundesnetzagentur | SMARD.de,0.08424876046416667,-2.3267299999998675e-06,0.130388785835,0.12724964296670113,1.163365,https://data-api.ecb.europa.eu/service/data/EXR/M.USD.EUR.SP00.A?format=csvdata&startPeriod=2023-01&endPeriod=2026-12,2026-08-04,high
AT,Austria,AT,constrained,2024-07,63.39869623655914,5.043,99.927,35.739459179501694,45,744,https://api.energy-charts.info/price?bzn=AT&start=2024-01-01&end=2024-12-31,CC BY 4.0 (creativecommons.org/licenses/by/4.0) from Bundesnetzagentur | SMARD.de,0.07375582424724461,0.005866849695,0.116251574355,0.04157803592836099,1.163365,https://data-api.ecb.europa.eu/service/data/EXR/M.USD.EUR.SP00.A?format=csvdata&startPeriod=2023-01&endPeriod=2026-12,2026-08-04,high
AT,Austria,AT,constrained,2024-08,85.11754032258064,28.31,121.947,37.888405510635366,26,744,https://api.energy-charts.info/price?bzn=AT&start=2024-01-01&end=2024-12-31,CC BY 4.0 (creativecommons.org/licenses/by/4.0) from Bundesnetzagentur | SMARD.de,0.09902276729737902,0.03293486315,0.141868871655,0.044078044876880315,1.163365,https://data-api.ecb.europa.eu/service/data/EXR/M.USD.EUR.SP00.A?format=csvdata&startPeriod=2023-01&endPeriod=2026-12,2026-08-04,high
AT,Austria,AT,constrained,2024-09,81.69505555555556,9.696,126.913,47.534105395985165,11,720,https://api.energy-charts.info/price?bzn=AT&start=2024-01-01&end=2024-12-31,CC BY 4.0 (creativecommons.org/licenses/by/4.0) from Bundesnetzagentur | SMARD.de,0.09504116830638888,0.01127998704,0.147646142245,0.05529951452400028,1.163365,https://data-api.ecb.europa.eu/service/data/EXR/M.USD.EUR.SP00.A?format=csvdata&startPeriod=2023-01&endPeriod=2026-12,2026-08-04,high
AT,Austria,AT,constrained,2024-10,85.81530913978494,26.581999999999997,136.15900000000002,43.11836603202554,19,744,https://api.energy-charts.info/price?bzn=AT&start=2024-01-01&end=2024-12-31,CC BY 4.0 (creativecommons.org/licenses/by/4.0) from Bundesnetzagentur | SMARD.de,0.09983452711740591,0.030924568429999997,0.15840261503500003,0.0501623978988474,1.163365,https://data-api.ecb.europa.eu/service/data/EXR/M.USD.EUR.SP00.A?format=csvdata&startPeriod=2023-01&endPeriod=2026-12,2026-08-04,high
AT,Austria,AT,constrained,2024-11,130.82419444444443,90.057,162.419,57.66277426975824,0,720,https://api.energy-charts.info/price?bzn=AT&start=2024-01-01&end=2024-12-31,CC BY 4.0 (creativecommons.org/licenses/by/4.0) from Bundesnetzagentur | SMARD.de,0.1521962889698611,0.104769161805,0.188952579935,0.06708285338833729,1.163365,https://data-api.ecb.europa.eu/service/data/EXR/M.USD.EUR.SP00.A?format=csvdata&startPeriod=2023-01&endPeriod=2026-12,2026-08-04,high
AT,Austria,AT,constrained,2024-12,129.68336021505377,80.222,170.598,76.12962203910013,0,744,https://api.energy-charts.info/price?bzn=AT&start=2024-01-01&end=2024-12-31,CC BY 4.0 (creativecommons.org/licenses/by/4.0) from Bundesnetzagentur | SMARD.de,0.15086908235658603,0.09332746703,0.19846774227,0.08856653774351772,1.163365,https://data-api.ecb.europa.eu/service/data/EXR/M.USD.EUR.SP00.A?format=csvdata&startPeriod=2023-01&endPeriod=2026-12,2026-08-04,high
AT,Austria,AT,constrained,2025-01,133.88579301075268,95.052,171.76100000000002,46.13767653307828,0,744,https://api.energy-charts.info/price?bzn=AT&start=2025-01-01&end=2025-12-31,CC BY 4.0 (creativecommons.org/licenses/by/4.0) from Bundesnetzagentur | SMARD.de,0.15575804558595427,0.11058016998,0.19982073576500003,0.05367495805990461,1.163365,https://data-api.ecb.europa.eu/service/data/EXR/M.USD.EUR.SP00.A?format=csvdata&startPeriod=2023-01&endPeriod=2026-12,2026-08-04,high
AT,Austria,AT,constrained,2025-02,140.7945238095238,105.632,178.024,32.268534461846535,0,672,https://api.energy-charts.info/price?bzn=AT&start=2025-01-01&end=2025-12-31,CC BY 4.0 (creativecommons.org/licenses/by/4.0) from Bundesnetzagentur | SMARD.de,0.16379542119166665,0.12288857168,0.20710689076,0.037540083594206096,1.163365,https://data-api.ecb.europa.eu/service/data/EXR/M.USD.EUR.SP00.A?format=csvdata&startPeriod=2023-01&endPeriod=2026-12,2026-08-04,high
AT,Austria,AT,constrained,2025-03,103.86278225806453,32.79099999999999,153.597,44.4281519147283,7,744,https://api.energy-charts.info/price?bzn=AT&start=2025-01-01&end=2025-12-31,CC BY 4.0 (creativecommons.org/licenses/by/4.0) from Bundesnetzagentur | SMARD.de,0.12083032568165324,0.03814790171499999,0.178689373905,0.05168615695227789,1.163365,https://data-api.ecb.europa.eu/service/data/EXR/M.USD.EUR.SP00.A?format=csvdata&startPeriod=2023-01&endPeriod=2026-12,2026-08-04,high
AT,Austria,AT,constrained,2025-04,81.03506944444445,-0.01,132.32999999999998,51.19187963405964,76,720,https://api.energy-charts.info/price?bzn=AT&start=2025-01-01&end=2025-12-31,CC BY 4.0 (creativecommons.org/licenses/by/4.0) from Bundesnetzagentur | SMARD.de,0.0942733635642361,-1.163365e-05,0.15394809044999996,0.05955484105047779,1.163365,https://data-api.ecb.europa.eu/service/data/EXR/M.USD.EUR.SP00.A?format=csvdata&startPeriod=2023-01&endPeriod=2026-12,2026-08-04,high
AT,Austria,AT,constrained,2025-05,70.5309811827957,-0.1700000000000003,123.62500000000001,53.719178215866926,92,744,https://api.energy-charts.info/price?bzn=AT&start=2025-01-01&end=2025-12-31,CC BY 4.0 (creativecommons.org/licenses/by/4.0) from Bundesnetzagentur | SMARD.de,0.08205327492372312,-0.00019777205000000035,0.14382099812500002,0.062495011765102026,1.163365,https://data-api.ecb.europa.eu/service/data/EXR/M.USD.EUR.SP00.A?format=csvdata&startPeriod=2023-01&endPeriod=2026-12,2026-08-04,high
AT,Austria,AT,constrained,2025-06,66.49975,-2.9409999999999994,120.155,52.65000820300102,115,720,https://api.energy-charts.info/price?bzn=AT&start=2025-01-01&end=2025-12-31,CC BY 4.0 (creativecommons.org/licenses/by/4.0) from Bundesnetzagentur | SMARD.de,0.07736348165875001,-0.0034214564649999992,0.139784121575,0.06125117679308428,1.163365,https://data-api.ecb.europa.eu/service/data/EXR/M.USD.EUR.SP00.A?format=csvdata&startPeriod=2023-01&endPeriod=2026-12,2026-08-04,high
AT,Austria,AT,constrained,2025-07,87.90599462365591,46.499,114.568,35.80950791176664,6,744,https://api.energy-charts.info/price?bzn=AT&start=2025-01-01&end=2025-12-31,CC BY 4.0 (creativecommons.org/licenses/by/4.0) from Bundesnetzagentur | SMARD.de,0.10226675743534946,0.054095309135,0.13328440132,0.041659528171772396,1.163365,https://data-api.ecb.europa.eu/service/data/EXR/M.USD.EUR.SP00.A?format=csvdata&startPeriod=2023-01&endPeriod=2026-12,2026-08-04,high
AT,Austria,AT,constrained,2025-08,74.25797043010753,0.0,114.425,44.716866080104964,59,744,https://api.energy-charts.info/price?bzn=AT&start=2025-01-01&end=2025-12-31,CC BY 4.0 (creativecommons.org/licenses/by/4.0) from Bundesnetzagentur | SMARD.de,0.08638912376942205,0.0,0.133118040125,0.05202203690728131,1.163365,https://data-api.ecb.europa.eu/service/data/EXR/M.USD.EUR.SP00.A?format=csvdata&startPeriod=2023-01&endPeriod=2026-12,2026-08-04,high
AT,Austria,AT,constrained,2025-09,92.30344791666667,12.998,129.64000000000001,52.81439754987315,23,720,https://api.energy-charts.info/price?bzn=AT&start=2025-01-01&end=2025-12-31,CC BY 4.0 (creativecommons.org/licenses/by/4.0) from Bundesnetzagentur | SMARD.de,0.10738260068557293,0.015121418269999999,0.15081863860000003,0.06144242160560817,1.163365,https://data-api.ecb.europa.eu/service/data/EXR/M.USD.EUR.SP00.A?format=csvdata&startPeriod=2023-01&endPeriod=2026-12,2026-08-04,high
AT,Austria,AT,constrained,2025-10,108.92784274193549,77.61925000000001,141.75875000000002,39.9557632508555,0,744,https://api.energy-charts.info/price?bzn=AT&start=2025-01-01&end=2025-12-31,CC BY 4.0 (creativecommons.org/licenses/by/4.0) from Bundesnetzagentur | SMARD.de,0.12672283977147178,0.09029951877625,0.16491716819375002,0.0464831365143315,1.163365,https://data-api.ecb.europa.eu/service/data/EXR/M.USD.EUR.SP00.A?format=csvdata&startPeriod=2023-01&endPeriod=2026-12,2026-08-04,high
AT,Austria,AT,constrained,2025-11,116.04335763888889,84.479,149.417,37.821732078099814,0,720,https://api.energy-charts.info/price?bzn=AT&start=2025-01-01&end=2025-12-31,CC BY 4.0 (creativecommons.org/licenses/by/4.0) from Bundesnetzagentur | SMARD.de,0.13500078075956598,0.098279911835,0.173826508205,0.04400047933903859,1.163365,https://data-api.ecb.europa.eu/service/data/EXR/M.USD.EUR.SP00.A?format=csvdata&startPeriod=2023-01&endPeriod=2026-12,2026-08-04,high
AT,Austria,AT,constrained,2025-12,114.01828293010752,87.04675,146.55400000000003,25.217390281535753,0,744,https://api.energy-charts.info/price?bzn=AT&start=2025-01-01&end=2025-12-31,CC BY 4.0 (creativecommons.org/licenses/by/4.0) from Bundesnetzagentur | SMARD.de,0.13264487972098454,0.10126714231375,0.17049579421000005,0.029337029244878843,1.163365,https://data-api.ecb.europa.eu/service/data/EXR/M.USD.EUR.SP00.A?format=csvdata&startPeriod=2023-01&endPeriod=2026-12,2026-08-04,high
AT,Austria,AT,constrained,2026-01,141.45754368279572,89.2205,199.86200000000002,48.27414100211103,0,744,https://api.energy-charts.info/price?bzn=AT&start=2026-01-01&end=2026-12-31,CC BY 4.0 (creativecommons.org/licenses/by/4.0) from Bundesnetzagentur | SMARD.de,0.16456675530653564,0.10379600698250001,0.23251245563000003,0.056160446046920894,1.163365,https://data-api.ecb.europa.eu/service/data/EXR/M.USD.EUR.SP00.A?format=csvdata&startPeriod=2023-01&endPeriod=2026-12,2026-08-04,high
AT,Austria,AT,constrained,2026-02,109.131171875,74.37,148.7955,29.322085655752325,4,672,https://api.energy-charts.info/price?bzn=AT&start=2026-01-01&end=2026-12-31,CC BY 4.0 (creativecommons.org/licenses/by/4.0) from Bundesnetzagentur | SMARD.de,0.12695938576835938,0.08651945505,0.1731034768575,0.0341122881789043,1.163365,https://data-api.ecb.europa.eu/service/data/EXR/M.USD.EUR.SP00.A?format=csvdata&startPeriod=2023-01&endPeriod=2026-12,2026-08-04,high
AT,Austria,AT,constrained,2026-03,112.51948588709678,30.032249999999994,163.90425000000002,49.42833938082789,14,744,https://api.energy-charts.info/price?bzn=AT&start=2026-01-01&end=2026-12-31,CC BY 4.0 (creativecommons.org/licenses/by/4.0) from Bundesnetzagentur | SMARD.de,0.13090123169904233,0.034938468521249995,0.19068046780125003,0.05750320004377684,1.163365,https://data-api.ecb.europa.eu/service/data/EXR/M.USD.EUR.SP00.A?format=csvdata&startPeriod=2023-01&endPeriod=2026-12,2026-08-04,high
AT,Austria,AT,constrained,2026-04,86.57334027777777,-0.8552499999999996,144.17950000000002,66.93419401572673,83,720,https://api.energy-charts.info/price?bzn=AT&start=2026-01-01&end=2026-12-31,CC BY 4.0 (creativecommons.org/licenses/by/4.0) from Bundesnetzagentur | SMARD.de,0.10071639401225695,-0.0009949679162499995,0.16773338401750001,0.07786889862110592,1.163365,https://data-api.ecb.europa.eu/service/data/EXR/M.USD.EUR.SP00.A?format=csvdata&startPeriod=2023-01&endPeriod=2026-12,2026-08-04,high
AT,Austria,AT,constrained,2026-05,100.03622647849463,0.005749999999999994,156.51450000000003,69.66163583204327,69,744,https://api.energy-charts.info/price?bzn=AT&start=2026-01-01&end=2026-12-31,CC BY 4.0 (creativecommons.org/licenses/by/4.0) from Bundesnetzagentur | SMARD.de,0.1163786446171539,6.689348749999993e-06,0.18208349129250004,0.08104190896974503,1.163365,https://data-api.ecb.europa.eu/service/data/EXR/M.USD.EUR.SP00.A?format=csvdata&startPeriod=2023-01&endPeriod=2026-12,2026-08-04,high
AT,Austria,AT,constrained,2026-06,106.77621875,6.002500000000005,159.70975,69.70636836219408,50,720,https://api.energy-charts.info/price?bzn=AT&start=2026-01-01&end=2026-12-31,CC BY 4.0 (creativecommons.org/licenses/by/4.0) from Bundesnetzagentur | SMARD.de,0.12421971572609375,0.006983098412500006,0.18580073330875002,0.08109394922968391,1.163365,https://data-api.ecb.europa.eu/service/data/EXR/M.USD.EUR.SP00.A?format=csvdata&startPeriod=2023-01&endPeriod=2026-12,2026-08-04,high
AT,Austria,AT,constrained,2026-07,117.25065860215055,15.24725,172.66725000000002,55.69018311449596,23,744,https://api.energy-charts.info/price?bzn=AT&start=2026-01-01&end=2026-12-31,CC BY 4.0 (creativecommons.org/licenses/by/4.0) from Bundesnetzagentur | SMARD.de,0.13640531244469087,0.01773811699625,0.20087503529625003,0.06478800987899559,1.163365,https://data-api.ecb.europa.eu/service/data/EXR/M.USD.EUR.SP00.A?format=csvdata&startPeriod=2023-01&endPeriod=2026-12,2026-08-04,high
AT,Austria,AT,constrained,2026-08,140.55428191489364,43.34150000000002,199.583,58.30036269186498,0,94,https://api.energy-charts.info/price?bzn=AT&start=2026-01-01&end=2026-12-31,CC BY 4.0 (creativecommons.org/licenses/by/4.0) from Bundesnetzagentur | SMARD.de,0.16351593217992025,0.05042198414750002,0.232187876795,0.0678246014430215,1.163365,https://data-api.ecb.europa.eu/service/data/EXR/M.USD.EUR.SP00.A?format=csvdata&startPeriod=2023-01&endPeriod=2026-12,2026-08-04,high
BE,Belgium,BE,constrained,2022-12,-4.39,-4.39,-4.39,,1,1,https://api.energy-charts.info/price?bzn=BE&start=2023-01-01&end=2023-12-31,CC BY 4.0 (creativecommons.org/licenses/by/4.0) from Bundesnetzagentur | SMARD.de,-0.00510717235,-0.00510717235,-0.00510717235,,1.163365,https://data-api.ecb.europa.eu/service/data/EXR/M.USD.EUR.SP00.A?format=csvdata&startPeriod=2023-01&endPeriod=2026-12,2026-08-04,high
BE,Belgium,BE,constrained,2023-01,130.86622311827958,39.461,197.58,58.96864175543164,16,744,https://api.energy-charts.info/price?bzn=BE&start=2023-01-01&end=2023-12-31,CC BY 4.0 (creativecommons.org/licenses/by/4.0) from Bundesnetzagentur | SMARD.de,0.15224518365799733,0.045907546265,0.2298576567,0.06860205391580773,1.163365,https://data-api.ecb.europa.eu/service/data/EXR/M.USD.EUR.SP00.A?format=csvdata&startPeriod=2023-01&endPeriod=2026-12,2026-08-04,high
BE,Belgium,BE,constrained,2023-02,143.51403273809524,110.019,178.927,28.199880694679496,0,672,https://api.energy-charts.info/price?bzn=BE&start=2023-01-01&end=2023-12-31,CC BY 4.0 (creativecommons.org/licenses/by/4.0) from Bundesnetzagentur | SMARD.de,0.16695920269635417,0.127992253935,0.208157409355,0.03280675420436581,1.163365,https://data-api.ecb.europa.eu/service/data/EXR/M.USD.EUR.SP00.A?format=csvdata&startPeriod=2023-01&endPeriod=2026-12,2026-08-04,high
BE,Belgium,BE,constrained,2023-03,109.47641129032257,57.25,154.12900000000002,40.880299459197744,14,744,https://api.energy-charts.info/price?bzn=BE&start=2023-01-01&end=2023-12-31,CC BY 4.0 (creativecommons.org/licenses/by/4.0) from Bundesnetzagentur | SMARD.de,0.12736102522076612,0.06660264625,0.17930828408500002,0.047558709580349585,1.163365,https://data-api.ecb.europa.eu/service/data/EXR/M.USD.EUR.SP00.A?format=csvdata&startPeriod=2023-01&endPeriod=2026-12,2026-08-04,high
BE,Belgium,BE,constrained,2023-04,105.62295833333333,60.46,142.528,34.399400280188736,6,720,https://api.energy-charts.info/price?bzn=BE&start=2023-01-01&end=2023-12-31,CC BY 4.0 (creativecommons.org/licenses/by/4.0) from Bundesnetzagentur | SMARD.de,0.12287805292145833,0.0703370479,0.16581208672,0.040019058306961765,1.163365,https://data-api.ecb.europa.eu/service/data/EXR/M.USD.EUR.SP00.A?format=csvdata&startPeriod=2023-01&endPeriod=2026-12,2026-08-04,high
BE,Belgium,BE,constrained,2023-05,80.11127688172043,29.969,114.79100000000003,34.14154994165499,19,744,https://api.energy-charts.info/price?bzn=BE&start=2023-01-01&end=2023-12-31,CC BY 4.0 (creativecommons.org/licenses/by/4.0) from Bundesnetzagentur | SMARD.de,0.09319865562950268,0.034864885685000006,0.13354383171500003,0.03971908424787346,1.163365,https://data-api.ecb.europa.eu/service/data/EXR/M.USD.EUR.SP00.A?format=csvdata&startPeriod=2023-01&endPeriod=2026-12,2026-08-04,high
BE,Belgium,BE,constrained,2023-06,93.1680138888889,58.20700000000001,130.942,32.86674348975732,10,720,https://api.energy-charts.info/price?bzn=BE&start=2023-01-01&end=2023-12-31,CC BY 4.0 (creativecommons.org/licenses/by/4.0) from Bundesnetzagentur | SMARD.de,0.10838840647784723,0.06771598655500001,0.15233333983,0.038236019039961516,1.163365,https://data-api.ecb.europa.eu/service/data/EXR/M.USD.EUR.SP00.A?format=csvdata&startPeriod=2023-01&endPeriod=2026-12,2026-08-04,high
BE,Belgium,BE,constrained,2023-07,75.28693548387098,6.1059999999999945,116.64200000000001,41.555215835558386,52,744,https://api.energy-charts.info/price?bzn=BE&start=2023-01-01&end=2023-12-31,CC BY 4.0 (creativecommons.org/licenses/by/4.0) from Bundesnetzagentur | SMARD.de,0.08758618569919356,0.007103506689999994,0.13569722033000003,0.04834388367053438,1.163365,https://data-api.ecb.europa.eu/service/data/EXR/M.USD.EUR.SP00.A?format=csvdata&startPeriod=2023-01&endPeriod=2026-12,2026-08-04,high
BE,Belgium,BE,constrained,2023-08,92.05321236559139,45.683,130.61200000000002,37.61762261388115,9,744,https://api.energy-charts.info/price?bzn=BE&start=2023-01-01&end=2023-12-31,CC BY 4.0 (creativecommons.org/licenses/by/4.0) from Bundesnetzagentur | SMARD.de,0.10709148540369623,0.053146003295,0.15194942938000003,0.043763025532197845,1.163365,https://data-api.ecb.europa.eu/service/data/EXR/M.USD.EUR.SP00.A?format=csvdata&startPeriod=2023-01&endPeriod=2026-12,2026-08-04,high
BE,Belgium,BE,constrained,2023-09,94.35141666666667,43.255,134.40400000000002,40.28555914120949,20,720,https://api.energy-charts.info/price?bzn=BE&start=2023-01-01&end=2023-12-31,CC BY 4.0 (creativecommons.org/licenses/by/4.0) from Bundesnetzagentur | SMARD.de,0.10976513585041667,0.050321353075000005,0.15636090946,0.046866809510313176,1.163365,https://data-api.ecb.europa.eu/service/data/EXR/M.USD.EUR.SP00.A?format=csvdata&startPeriod=2023-01&endPeriod=2026-12,2026-08-04,high
BE,Belgium,BE,constrained,2023-10,86.33564516129033,10.065,139.52700000000002,45.89085465430102,25,744,https://api.energy-charts.info/price?bzn=BE&start=2023-01-01&end=2023-12-31,CC BY 4.0 (creativecommons.org/licenses/by/4.0) from Bundesnetzagentur | SMARD.de,0.10043986783306452,0.011709268725,0.162320828355,0.05338781412490091,1.163365,https://data-api.ecb.europa.eu/service/data/EXR/M.USD.EUR.SP00.A?format=csvdata&startPeriod=2023-01&endPeriod=2026-12,2026-08-04,high
BE,Belgium,BE,constrained,2023-11,91.52887499999999,24.520000000000003,134.18,42.29051792356115,0,720,https://api.energy-charts.info/price?bzn=BE&start=2023-01-01&end=2023-12-31,CC BY 4.0 (creativecommons.org/licenses/by/4.0) from Bundesnetzagentur | SMARD.de,0.10648148966437497,0.028525709800000004,0.15610031570000002,0.049199308384143714,1.163365,https://data-api.ecb.europa.eu/service/data/EXR/M.USD.EUR.SP00.A?format=csvdata&startPeriod=2023-01&endPeriod=2026-12,2026-08-04,high
BE,Belgium,BE,constrained,2023-12,69.257311827957,0.5519999999999999,120.22600000000001,44.5797244714275,50,744,https://api.energy-charts.info/price?bzn=BE&start=2023-01-01&end=2023-12-31,CC BY 4.0 (creativecommons.org/licenses/by/4.0) from Bundesnetzagentur | SMARD.de,0.0805715325747312,0.00064217748,0.13986672049,0.051862491159702255,1.163365,https://data-api.ecb.europa.eu/service/data/EXR/M.USD.EUR.SP00.A?format=csvdata&startPeriod=2023-01&endPeriod=2026-12,2026-08-04,high
BE,Belgium,BE,constrained,2024-01,78.62653225806451,48.165,110.51500000000001,27.83207967475368,12,744,https://api.energy-charts.info/price?bzn=BE&start=2024-01-01&end=2024-12-31,CC BY 4.0 (creativecommons.org/licenses/by/4.0) from Bundesnetzagentur | SMARD.de,0.09147135570040323,0.056033475225,0.12856928297500003,0.03237886737081981,1.163365,https://data-api.ecb.europa.eu/service/data/EXR/M.USD.EUR.SP00.A?format=csvdata&startPeriod=2023-01&endPeriod=2026-12,2026-08-04,high
BE,Belgium,BE,constrained,2024-02,61.533347701149424,40.93,83.88,18.963781006743773,0,696,https://api.energy-charts.info/price?bzn=BE&start=2024-01-01&end=2024-12-31,CC BY 4.0 (creativecommons.org/licenses/by/4.0) from Bundesnetzagentur | SMARD.de,0.0715857430483477,0.04761652945,0.09758305619999999,0.02206179909091047,1.163365,https://data-api.ecb.europa.eu/service/data/EXR/M.USD.EUR.SP00.A?format=csvdata&startPeriod=2023-01&endPeriod=2026-12,2026-08-04,high
BE,Belgium,BE,constrained,2024-03,61.13094086021505,28.175,89.067,24.521924470414284,5,744,https://api.energy-charts.info/price?bzn=BE&start=2024-01-01&end=2024-12-31,CC BY 4.0 (creativecommons.org/licenses/by/4.0) from Bundesnetzagentur | SMARD.de,0.07111759701384407,0.032777808874999995,0.10361743045499999,0.028527948661523514,1.163365,https://data-api.ecb.europa.eu/service/data/EXR/M.USD.EUR.SP00.A?format=csvdata&startPeriod=2023-01&endPeriod=2026-12,2026-08-04,high
BE,Belgium,BE,constrained,2024-04,48.036902777777776,0.03,93.69400000000005,36.68166398719575,56,720,https://api.energy-charts.info/price?bzn=BE&start=2024-01-01&end=2024-12-31,CC BY 4.0 (creativecommons.org/licenses/by/4.0) from Bundesnetzagentur | SMARD.de,0.055884451400069445,3.490095e-05,0.10900032031000005,0.04267416402446399,1.163365,https://data-api.ecb.europa.eu/service/data/EXR/M.USD.EUR.SP00.A?format=csvdata&startPeriod=2023-01&endPeriod=2026-12,2026-08-04,high
BE,Belgium,BE,constrained,2024-05,54.44751344086021,0.1509999999999998,94.584,38.40939594382698,64,744,https://api.energy-charts.info/price?bzn=BE&start=2024-01-01&end=2024-12-31,CC BY 4.0 (creativecommons.org/licenses/by/4.0) from Bundesnetzagentur | SMARD.de,0.06334233147412634,0.00017566811499999976,0.11003571515999999,0.04468414691219027,1.163365,https://data-api.ecb.europa.eu/service/data/EXR/M.USD.EUR.SP00.A?format=csvdata&startPeriod=2023-01&endPeriod=2026-12,2026-08-04,high
BE,Belgium,BE,constrained,2024-06,60.9225,0.0,111.10100000000001,42.37440134597498,69,720,https://api.energy-charts.info/price?bzn=BE&start=2024-01-01&end=2024-12-31,CC BY 4.0 (creativecommons.org/licenses/by/4.0) from Bundesnetzagentur | SMARD.de,0.0708751042125,0.0,0.129251014865,0.049296895421860186,1.163365,https://data-api.ecb.europa.eu/service/data/EXR/M.USD.EUR.SP00.A?format=csvdata&startPeriod=2023-01&endPeriod=2026-12,2026-08-04,high
BE,Belgium,BE,constrained,2024-07,54.58577956989247,-0.09700000000000003,100.14000000000001,40.210345199133066,79,744,https://api.energy-charts.info/price?bzn=BE&start=2024-01-01&end=2024-12-31,CC BY 4.0 (creativecommons.org/licenses/by/4.0) from Bundesnetzagentur | SMARD.de,0.06350318544932795,-0.00011284640500000003,0.11649937110000001,0.04677930824258944,1.163365,https://data-api.ecb.europa.eu/service/data/EXR/M.USD.EUR.SP00.A?format=csvdata&startPeriod=2023-01&endPeriod=2026-12,2026-08-04,high
BE,Belgium,BE,constrained,2024-08,65.52771505376344,0.07199999999999988,111.565,42.872204159840024,70,744,https://api.energy-charts.info/price?bzn=BE&start=2024-01-01&end=2024-12-31,CC BY 4.0 (creativecommons.org/licenses/by/4.0) from Bundesnetzagentur | SMARD.de,0.0762326502235215,8.376227999999987e-05,0.129790816225,0.04987602179241229,1.163365,https://data-api.ecb.europa.eu/service/data/EXR/M.USD.EUR.SP00.A?format=csvdata&startPeriod=2023-01&endPeriod=2026-12,2026-08-04,high
BE,Belgium,BE,constrained,2024-09,66.40511111111111,3.2640000000000002,112.34800000000001,39.957884292023444,29,720,https://api.energy-charts.info/price?bzn=BE&start=2024-01-01&end=2024-12-31,CC BY 4.0 (creativecommons.org/licenses/by/4.0) from Bundesnetzagentur | SMARD.de,0.07725338208777778,0.0037972233600000005,0.13070173102000002,0.04648560405938985,1.163365,https://data-api.ecb.europa.eu/service/data/EXR/M.USD.EUR.SP00.A?format=csvdata&startPeriod=2023-01&endPeriod=2026-12,2026-08-04,high
BE,Belgium,BE,constrained,2024-10,78.1288440860215,26.729,120.57600000000002,36.430987479470815,17,744,https://api.energy-charts.info/price?bzn=BE&start=2024-01-01&end=2024-12-31,CC BY 4.0 (creativecommons.org/licenses/by/4.0) from Bundesnetzagentur | SMARD.de,0.0908923627001344,0.031095583084999996,0.14027389824000003,0.04238253574905456,1.163365,https://data-api.ecb.europa.eu/service/data/EXR/M.USD.EUR.SP00.A?format=csvdata&startPeriod=2023-01&endPeriod=2026-12,2026-08-04,high
BE,Belgium,BE,constrained,2024-11,108.94943055555555,79.456,142.894,37.104566054159584,2,720,https://api.energy-charts.info/price?bzn=BE&start=2024-01-01&end=2024-12-31,CC BY 4.0 (creativecommons.org/licenses/by/4.0) from Bundesnetzagentur | SMARD.de,0.12674795427826388,0.09243632944,0.16623787831,0.043166153487597364,1.163365,https://data-api.ecb.europa.eu/service/data/EXR/M.USD.EUR.SP00.A?format=csvdata&startPeriod=2023-01&endPeriod=2026-12,2026-08-04,high
BE,Belgium,BE,constrained,2024-12,105.10233870967741,36.53,150.119,63.00550242084974,1,744,https://api.energy-charts.info/price?bzn=BE&start=2024-01-01&end=2024-12-31,CC BY 4.0 (creativecommons.org/licenses/by/4.0) from Bundesnetzagentur | SMARD.de,0.12227238227298386,0.042497723450000004,0.174643190435,0.07329839632383185,1.163365,https://data-api.ecb.europa.eu/service/data/EXR/M.USD.EUR.SP00.A?format=csvdata&startPeriod=2023-01&endPeriod=2026-12,2026-08-04,high
BE,Belgium,BE,constrained,2025-01,112.16737903225807,49.98799999999999,163.607,50.485814104820896,0,744,https://api.energy-charts.info/price?bzn=BE&start=2025-01-01&end=2025-12-31,CC BY 4.0 (creativecommons.org/licenses/by/4.0) from Bundesnetzagentur | SMARD.de,0.1304916029078629,0.058154289619999994,0.190334657555,0.058733429126054955,1.163365,https://data-api.ecb.europa.eu/service/data/EXR/M.USD.EUR.SP00.A?format=csvdata&startPeriod=2023-01&endPeriod=2026-12,2026-08-04,high
BE,Belgium,BE,constrained,2025-02,128.7319345238095,87.894,169.968,33.29799866179576,0,672,https://api.energy-charts.info/price?bzn=BE&start=2025-01-01&end=2025-12-31,CC BY 4.0 (creativecommons.org/licenses/by/4.0) from Bundesnetzagentur | SMARD.de,0.14976222700729164,0.10225280331,0.19773482231999998,0.03873772621318002,1.163365,https://data-api.ecb.europa.eu/service/data/EXR/M.USD.EUR.SP00.A?format=csvdata&startPeriod=2023-01&endPeriod=2026-12,2026-08-04,high
BE,Belgium,BE,constrained,2025-03,91.17254032258064,13.977999999999998,138.98000000000002,43.93635474757131,32,744,https://api.energy-charts.info/price?bzn=BE&start=2025-01-01&end=2025-12-31,CC BY 4.0 (creativecommons.org/licenses/by/4.0) from Bundesnetzagentur | SMARD.de,0.10606694237237903,0.016261515969999998,0.16168446770000003,0.05111401734090829,1.163365,https://data-api.ecb.europa.eu/service/data/EXR/M.USD.EUR.SP00.A?format=csvdata&startPeriod=2023-01&endPeriod=2026-12,2026-08-04,high
BE,Belgium,BE,constrained,2025-04,73.36490277777779,-0.02,123.602,50.124698655349185,80,720,https://api.energy-charts.info/price?bzn=BE&start=2025-01-01&end=2025-12-31,CC BY 4.0 (creativecommons.org/licenses/by/4.0) from Bundesnetzagentur | SMARD.de,0.08535016012006945,-2.32673e-05,0.14379424073000002,0.058313320051180305,1.163365,https://data-api.ecb.europa.eu/service/data/EXR/M.USD.EUR.SP00.A?format=csvdata&startPeriod=2023-01&endPeriod=2026-12,2026-08-04,high
BE,Belgium,BE,constrained,2025-05,61.07978494623656,-1.2650000000000003,118.035,58.6887224368759,122,744,https://api.energy-charts.info/price?bzn=BE&start=2025-01-01&end=2025-12-31,CC BY 4.0 (creativecommons.org/licenses/by/4.0) from Bundesnetzagentur | SMARD.de,0.07105808401397849,-0.0014716567250000004,0.137317787775,0.06827640557777613,1.163365,https://data-api.ecb.europa.eu/service/data/EXR/M.USD.EUR.SP00.A?format=csvdata&startPeriod=2023-01&endPeriod=2026-12,2026-08-04,high
BE,Belgium,BE,constrained,2025-06,65.3555138888889,-2.0079999999999996,119.955,51.613783689757774,127,720,https://api.energy-charts.info/price?bzn=BE&start=2025-01-01&end=2025-12-31,CC BY 4.0 (creativecommons.org/licenses/by/4.0) from Bundesnetzagentur | SMARD.de,0.07603231741534722,-0.0023360369199999995,0.139551448575,0.06004566946223505,1.163365,https://data-api.ecb.europa.eu/service/data/EXR/M.USD.EUR.SP00.A?format=csvdata&startPeriod=2023-01&endPeriod=2026-12,2026-08-04,high
BE,Belgium,BE,constrained,2025-07,83.06434139784946,31.689999999999998,116.67800000000001,43.39369858734341,11,744,https://api.energy-charts.info/price?bzn=BE&start=2025-01-01&end=2025-12-31,CC BY 4.0 (creativecommons.org/licenses/by/4.0) from Bundesnetzagentur | SMARD.de,0.09663414753030913,0.03686703685,0.13573910147,0.050482710157064764,1.163365,https://data-api.ecb.europa.eu/service/data/EXR/M.USD.EUR.SP00.A?format=csvdata&startPeriod=2023-01&endPeriod=2026-12,2026-08-04,high
BE,Belgium,BE,constrained,2025-08,68.8910752688172,0.1009999999999998,109.41700000000002,40.9413611877792,58,744,https://api.energy-charts.info/price?bzn=BE&start=2025-01-01&end=2025-12-31,CC BY 4.0 (creativecommons.org/licenses/by/4.0) from Bundesnetzagentur | SMARD.de,0.08014546578010753,0.00011749986499999976,0.12729190820500003,0.04762974665822075,1.163365,https://data-api.ecb.europa.eu/service/data/EXR/M.USD.EUR.SP00.A?format=csvdata&startPeriod=2023-01&endPeriod=2026-12,2026-08-04,high
BE,Belgium,BE,constrained,2025-09,62.45242456896551,0.17,111.68,42.667973618618475,58,696,https://api.energy-charts.info/price?bzn=BE&start=2025-01-01&end=2025-12-31,CC BY 4.0 (creativecommons.org/licenses/by/4.0) from Bundesnetzagentur | SMARD.de,0.07265496490867455,0.00019777205,0.12992460320000002,0.04963842712882408,1.163365,https://data-api.ecb.europa.eu/service/data/EXR/M.USD.EUR.SP00.A?format=csvdata&startPeriod=2023-01&endPeriod=2026-12,2026-08-04,high
BE,Belgium,BE,constrained,2025-10,74.9862567204301,6.836749999999999,119.82675000000006,42.03490220297032,31,744,https://api.energy-charts.info/price?bzn=BE&start=2025-01-01&end=2025-12-31,CC BY 4.0 (creativecommons.org/licenses/by/4.0) from Bundesnetzagentur | SMARD.de,0.08723638654956316,0.00795363566375,0.13940224701375006,0.04890193400135857,1.163365,https://data-api.ecb.europa.eu/service/data/EXR/M.USD.EUR.SP00.A?format=csvdata&startPeriod=2023-01&endPeriod=2026-12,2026-08-04,high
BE,Belgium,BE,constrained,2025-11,86.26288888888888,55.51125,118.89375000000003,29.40389464942352,0,720,https://api.energy-charts.info/price?bzn=BE&start=2025-01-01&end=2025-12-31,CC BY 4.0 (creativecommons.org/licenses/by/4.0) from Bundesnetzagentur | SMARD.de,0.1003552257322222,0.06457984535624998,0.13831682746875004,0.03420746189882659,1.163365,https://data-api.ecb.europa.eu/service/data/EXR/M.USD.EUR.SP00.A?format=csvdata&startPeriod=2023-01&endPeriod=2026-12,2026-08-04,high
BE,Belgium,BE,constrained,2025-12,85.33994959677419,57.90125,110.50950000000002,22.799468873809445,0,744,https://api.energy-charts.info/price?bzn=BE&start=2025-01-01&end=2025-12-31,CC BY 4.0 (creativecommons.org/licenses/by/4.0) from Bundesnetzagentur | SMARD.de,0.0992815104626512,0.06736028770625,0.12856288446750003,0.026524104106379325,1.163365,https://data-api.ecb.europa.eu/service/data/EXR/M.USD.EUR.SP00.A?format=csvdata&startPeriod=2023-01&endPeriod=2026-12,2026-08-04,high
BE,Belgium,BE,constrained,2026-01,108.56935147849462,81.19425,145.35675,28.745141005061367,0,744,https://api.energy-charts.info/price?bzn=BE&start=2026-01-01&end=2026-12-31,CC BY 4.0 (creativecommons.org/licenses/by/4.0) from Bundesnetzagentur | SMARD.de,0.1263057835827789,0.09445854865125,0.16910295546374998,0.03344109096535322,1.163365,https://data-api.ecb.europa.eu/service/data/EXR/M.USD.EUR.SP00.A?format=csvdata&startPeriod=2023-01&endPeriod=2026-12,2026-08-04,high
BE,Belgium,BE,constrained,2026-02,85.07286830357143,50.91075,117.5325,26.821319153687334,2,672,https://api.energy-charts.info/price?bzn=BE&start=2026-01-01&end=2026-12-31,CC BY 4.0 (creativecommons.org/licenses/by/4.0) from Bundesnetzagentur | SMARD.de,0.09897079743398438,0.05922778467375,0.1367331968625,0.031202983957229462,1.163365,https://data-api.ecb.europa.eu/service/data/EXR/M.USD.EUR.SP00.A?format=csvdata&startPeriod=2023-01&endPeriod=2026-12,2026-08-04,high
BE,Belgium,BE,constrained,2026-03,92.75162298387097,14.262999999999995,154.42175,50.23215778263954,16,744,https://api.energy-charts.info/price?bzn=BE&start=2026-01-01&end=2026-12-31,CC BY 4.0 (creativecommons.org/licenses/by/4.0) from Bundesnetzagentur | SMARD.de,0.10790399187263106,0.016593074994999995,0.17964885918875,0.05843833423880045,1.163365,https://data-api.ecb.europa.eu/service/data/EXR/M.USD.EUR.SP00.A?format=csvdata&startPeriod=2023-01&endPeriod=2026-12,2026-08-04,high
BE,Belgium,BE,constrained,2026-04,78.81237847222222,-3.0347499999999985,141.1125,65.86377310420137,103,720,https://api.energy-charts.info/price?bzn=BE&start=2026-01-01&end=2026-12-31,CC BY 4.0 (creativecommons.org/licenses/by/4.0) from Bundesnetzagentur | SMARD.de,0.0916875626813368,-0.003530521933749998,0.1641653435625,0.07662360839736923,1.163365,https://data-api.ecb.europa.eu/service/data/EXR/M.USD.EUR.SP00.A?format=csvdata&startPeriod=2023-01&endPeriod=2026-12,2026-08-04,high
BE,Belgium,BE,constrained,2026-05,91.86863575268818,0.28674999999999984,146.229,64.9686348028525,58,744,https://api.energy-charts.info/price?bzn=BE&start=2026-01-01&end=2026-12-31,CC BY 4.0 (creativecommons.org/licenses/by/4.0) from Bundesnetzagentur | SMARD.de,0.10687675543242608,0.0003335949137499998,0.17011770058500003,0.0755822358274205,1.163365,https://data-api.ecb.europa.eu/service/data/EXR/M.USD.EUR.SP00.A?format=csvdata&startPeriod=2023-01&endPeriod=2026-12,2026-08-04,high
BE,Belgium,BE,constrained,2026-06,112.17496527777779,7.550500000000012,169.704,88.09597539179504,41,720,https://api.energy-charts.info/price?bzn=BE&start=2026-01-01&end=2026-12-31,CC BY 4.0 (creativecommons.org/licenses/by/4.0) from Bundesnetzagentur | SMARD.de,0.13050042848038193,0.008783987432500015,0.19742769396,0.10248777441167563,1.163365,https://data-api.ecb.europa.eu/service/data/EXR/M.USD.EUR.SP00.A?format=csvdata&startPeriod=2023-01&endPeriod=2026-12,2026-08-04,high
BE,Belgium,BE,constrained,2026-07,109.2987063172043,2.798749999999999,165.5805,57.54208930516052,39,744,https://api.energy-charts.info/price?bzn=BE&start=2026-01-01&end=2026-12-31,CC BY 4.0 (creativecommons.org/licenses/by/4.0) from Bundesnetzagentur | SMARD.de,0.12715428947471438,0.003255967793749999,0.1926305583825,0.06694245272449807,1.163365,https://data-api.ecb.europa.eu/service/data/EXR/M.USD.EUR.SP00.A?format=csvdata&startPeriod=2023-01&endPeriod=2026-12,2026-08-04,high
BE,Belgium,BE,constrained,2026-08,123.70574468085107,5.984750000000006,177.78325,55.922730548919134,5,94,https://api.energy-charts.info/price?bzn=BE&start=2026-01-01&end=2026-12-31,CC BY 4.0 (creativecommons.org/licenses/by/4.0) from Bundesnetzagentur | SMARD.de,0.1439149336606383,0.006962448683750007,0.20682681063625,0.0650585474250433,1.163365,https://data-api.ecb.europa.eu/service/data/EXR/M.USD.EUR.SP00.A?format=csvdata&startPeriod=2023-01&endPeriod=2026-12,2026-08-04,high
DE-LU,Germany/Luxembourg,DE,constrained,2022-12,-5.17,-5.17,-5.17,,1,1,https://api.energy-charts.info/price?bzn=DE-LU&start=2023-01-01&end=2023-12-31,CC BY 4.0 (creativecommons.org/licenses/by/4.0) from Bundesnetzagentur | SMARD.de,-0.00601459705,-0.00601459705,-0.00601459705,,1.163365,https://data-api.ecb.europa.eu/service/data/EXR/M.USD.EUR.SP00.A?format=csvdata&startPeriod=2023-01&endPeriod=2026-12,2026-08-04,high
DE-LU,Germany/Luxembourg,DE,constrained,2023-01,117.94370967741935,12.544999999999996,187.127,59.57657819927598,13,744,https://api.energy-charts.info/price?bzn=DE-LU&start=2023-01-01&end=2023-12-31,CC BY 4.0 (creativecommons.org/licenses/by/4.0) from Bundesnetzagentur | SMARD.de,0.13721158380887097,0.014594413924999996,0.217697002355,0.06930930589680069,1.163365,https://data-api.ecb.europa.eu/service/data/EXR/M.USD.EUR.SP00.A?format=csvdata&startPeriod=2023-01&endPeriod=2026-12,2026-08-04,high
DE-LU,Germany/Luxembourg,DE,constrained,2023-02,128.39092261904761,82.37400000000001,173.359,37.218062635376604,0,672,https://api.energy-charts.info/price?bzn=DE-LU&start=2023-01-01&end=2023-12-31,CC BY 4.0 (creativecommons.org/licenses/by/4.0) from Bundesnetzagentur | SMARD.de,0.14936550569270832,0.09583102851000001,0.20167979303500003,0.0432981914378049,1.163365,https://data-api.ecb.europa.eu/service/data/EXR/M.USD.EUR.SP00.A?format=csvdata&startPeriod=2023-01&endPeriod=2026-12,2026-08-04,high
DE-LU,Germany/Luxembourg,DE,constrained,2023-03,102.40114247311827,44.44199999999999,148.486,39.765784411525516,9,744,https://api.energy-charts.info/price?bzn=DE-LU&start=2023-01-01&end=2023-12-31,CC BY 4.0 (creativecommons.org/licenses/by/4.0) from Bundesnetzagentur | SMARD.de,0.11912990511323923,0.05170226732999999,0.17274341539,0.046262121781914384,1.163365,https://data-api.ecb.europa.eu/service/data/EXR/M.USD.EUR.SP00.A?format=csvdata&startPeriod=2023-01&endPeriod=2026-12,2026-08-04,high
DE-LU,Germany/Luxembourg,DE,constrained,2023-04,100.83248611111111,52.025000000000006,138.977,36.339168633607,11,720,https://api.energy-charts.info/price?bzn=DE-LU&start=2023-01-01&end=2023-12-31,CC BY 4.0 (creativecommons.org/licenses/by/4.0) from Bundesnetzagentur | SMARD.de,0.11730498520465278,0.060524064125000006,0.161680977605,0.04227571691743621,1.163365,https://data-api.ecb.europa.eu/service/data/EXR/M.USD.EUR.SP00.A?format=csvdata&startPeriod=2023-01&endPeriod=2026-12,2026-08-04,high
DE-LU,Germany/Luxembourg,DE,constrained,2023-05,81.64637096774194,20.488,120.495,39.77056238693173,33,744,https://api.energy-charts.info/price?bzn=DE-LU&start=2023-01-01&end=2023-12-31,CC BY 4.0 (creativecommons.org/licenses/by/4.0) from Bundesnetzagentur | SMARD.de,0.09498453036088711,0.023835022119999997,0.140179665675,0.04626768031127283,1.163365,https://data-api.ecb.europa.eu/service/data/EXR/M.USD.EUR.SP00.A?format=csvdata&startPeriod=2023-01&endPeriod=2026-12,2026-08-04,high
DE-LU,Germany/Luxembourg,DE,constrained,2023-06,94.83972222222224,53.573,137.12,36.672343619829576,20,720,https://api.energy-charts.info/price?bzn=DE-LU&start=2023-01-01&end=2023-12-31,CC BY 4.0 (creativecommons.org/licenses/by/4.0) from Bundesnetzagentur | SMARD.de,0.11033321344305556,0.062324953145,0.1595206088,0.04266332103528303,1.163365,https://data-api.ecb.europa.eu/service/data/EXR/M.USD.EUR.SP00.A?format=csvdata&startPeriod=2023-01&endPeriod=2026-12,2026-08-04,high
DE-LU,Germany/Luxembourg,DE,constrained,2023-07,77.48279569892473,2.7399999999999993,122.02500000000002,53.28311705252461,56,744,https://api.energy-charts.info/price?bzn=DE-LU&start=2023-01-01&end=2023-12-31,CC BY 4.0 (creativecommons.org/licenses/by/4.0) from Bundesnetzagentur | SMARD.de,0.09014077261827957,0.003187620099999999,0.14195961412500002,0.06198771346981029,1.163365,https://data-api.ecb.europa.eu/service/data/EXR/M.USD.EUR.SP00.A?format=csvdata&startPeriod=2023-01&endPeriod=2026-12,2026-08-04,high
DE-LU,Germany/Luxembourg,DE,constrained,2023-08,94.41327956989247,31.348999999999997,139.722,42.32107825422305,23,744,https://api.energy-charts.info/price?bzn=DE-LU&start=2023-01-01&end=2023-12-31,CC BY 4.0 (creativecommons.org/licenses/by/4.0) from Bundesnetzagentur | SMARD.de,0.10983710498682796,0.03647032938499999,0.16254768453,0.0492348612032242,1.163365,https://data-api.ecb.europa.eu/service/data/EXR/M.USD.EUR.SP00.A?format=csvdata&startPeriod=2023-01&endPeriod=2026-12,2026-08-04,high
DE-LU,Germany/Luxembourg,DE,constrained,2023-09,100.7262638888889,56.071999999999996,142.775,48.39220129139968,22,720,https://api.energy-charts.info/price?bzn=DE-LU&start=2023-01-01&end=2023-12-31,CC BY 4.0 (creativecommons.org/licenses/by/4.0) from Bundesnetzagentur | SMARD.de,0.11718140998909723,0.06523220228,0.166099437875,0.05629779325536918,1.163365,https://data-api.ecb.europa.eu/service/data/EXR/M.USD.EUR.SP00.A?format=csvdata&startPeriod=2023-01&endPeriod=2026-12,2026-08-04,high
DE-LU,Germany/Luxembourg,DE,constrained,2023-10,87.31630376344086,6.1419999999999995,139.876,48.53411904097894,38,744,https://api.energy-charts.info/price?bzn=DE-LU&start=2023-01-01&end=2023-12-31,CC BY 4.0 (creativecommons.org/licenses/by/4.0) from Bundesnetzagentur | SMARD.de,0.10158073172775538,0.007145387829999999,0.16272684274,0.05646289539810846,1.163365,https://data-api.ecb.europa.eu/service/data/EXR/M.USD.EUR.SP00.A?format=csvdata&startPeriod=2023-01&endPeriod=2026-12,2026-08-04,high
DE-LU,Germany/Luxembourg,DE,constrained,2023-11,91.17997222222222,21.949000000000005,137.23600000000002,42.453924145851374,3,720,https://api.energy-charts.info/price?bzn=DE-LU&start=2023-01-01&end=2023-12-31,CC BY 4.0 (creativecommons.org/licenses/by/4.0) from Bundesnetzagentur | SMARD.de,0.10607558838430554,0.025534698385000006,0.15965555914000001,0.04938940946393838,1.163365,https://data-api.ecb.europa.eu/service/data/EXR/M.USD.EUR.SP00.A?format=csvdata&startPeriod=2023-01&endPeriod=2026-12,2026-08-04,high
DE-LU,Germany/Luxembourg,DE,constrained,2023-12,68.37576612903226,0.0,124.924,47.208018984895,72,744,https://api.energy-charts.info/price?bzn=DE-LU&start=2023-01-01&end=2023-12-31,CC BY 4.0 (creativecommons.org/licenses/by/4.0) from Bundesnetzagentur | SMARD.de,0.07954597316270161,0.0,0.14533220926,0.054920157006362366,1.163365,https://data-api.ecb.europa.eu/service/data/EXR/M.USD.EUR.SP00.A?format=csvdata&startPeriod=2023-01&endPeriod=2026-12,2026-08-04,high
DE-LU,Germany/Luxembourg,DE,constrained,2024-01,76.63426075268818,44.514,111.50200000000001,29.103301177458537,16,744,https://api.energy-charts.info/price?bzn=DE-LU&start=2024-01-01&end=2024-12-31,CC BY 4.0 (creativecommons.org/licenses/by/4.0) from Bundesnetzagentur | SMARD.de,0.08915361676055107,0.05178602961,0.12971752423000002,0.03385776197431405,1.163365,https://data-api.ecb.europa.eu/service/data/EXR/M.USD.EUR.SP00.A?format=csvdata&startPeriod=2023-01&endPeriod=2026-12,2026-08-04,high
DE-LU,Germany/Luxembourg,DE,constrained,2024-02,61.35737068965518,37.35,85.5,21.298797746607217,4,696,https://api.energy-charts.info/price?bzn=DE-LU&start=2024-01-01&end=2024-12-31,CC BY 4.0 (creativecommons.org/licenses/by/4.0) from Bundesnetzagentur | SMARD.de,0.0713810175523707,0.043451682750000005,0.0994677075,0.024778275840481704,1.163365,https://data-api.ecb.europa.eu/service/data/EXR/M.USD.EUR.SP00.A?format=csvdata&startPeriod=2023-01&endPeriod=2026-12,2026-08-04,high
DE-LU,Germany/Luxembourg,DE,constrained,2024-03,64.66461021505377,31.337,93.691,26.294504435503207,12,744,https://api.energy-charts.info/price?bzn=DE-LU&start=2024-01-01&end=2024-12-31,CC BY 4.0 (creativecommons.org/licenses/by/4.0) from Bundesnetzagentur | SMARD.de,0.07522854426283603,0.036456369004999996,0.108996830215,0.030590106152609188,1.163365,https://data-api.ecb.europa.eu/service/data/EXR/M.USD.EUR.SP00.A?format=csvdata&startPeriod=2023-01&endPeriod=2026-12,2026-08-04,high
DE-LU,Germany/Luxembourg,DE,constrained,2024-04,62.392722222222226,0.21600000000000022,105.783,41.40666084747086,50,720,https://api.energy-charts.info/price?bzn=DE-LU&start=2024-01-01&end=2024-12-31,CC BY 4.0 (creativecommons.org/licenses/by/4.0) from Bundesnetzagentur | SMARD.de,0.07258550928805556,0.00025128684000000025,0.123064239795,0.048171059996817936,1.163365,https://data-api.ecb.europa.eu/service/data/EXR/M.USD.EUR.SP00.A?format=csvdata&startPeriod=2023-01&endPeriod=2026-12,2026-08-04,high
DE-LU,Germany/Luxembourg,DE,constrained,2024-05,67.28461021505376,-0.037000000000000026,112.54000000000002,44.90801532570652,78,744,https://api.energy-charts.info/price?bzn=DE-LU&start=2024-01-01&end=2024-12-31,CC BY 4.0 (creativecommons.org/licenses/by/4.0) from Bundesnetzagentur | SMARD.de,0.07827656056283601,-4.304450500000003e-05,0.13092509710000003,0.05224441324939057,1.163365,https://data-api.ecb.europa.eu/service/data/EXR/M.USD.EUR.SP00.A?format=csvdata&startPeriod=2023-01&endPeriod=2026-12,2026-08-04,high
DE-LU,Germany/Luxembourg,DE,constrained,2024-06,72.89022222222222,0.009000000000000057,126.745,47.74526602176174,64,720,https://api.energy-charts.info/price?bzn=DE-LU&start=2024-01-01&end=2024-12-31,CC BY 4.0 (creativecommons.org/licenses/by/4.0) from Bundesnetzagentur | SMARD.de,0.08479793337555556,1.0470285000000065e-05,0.147450696925,0.055545171405406844,1.163365,https://data-api.ecb.europa.eu/service/data/EXR/M.USD.EUR.SP00.A?format=csvdata&startPeriod=2023-01&endPeriod=2026-12,2026-08-04,high
DE-LU,Germany/Luxembourg,DE,constrained,2024-07,67.71,-0.024000000000000056,115.856,46.24037943663681,81,744,https://api.energy-charts.info/price?bzn=DE-LU&start=2024-01-01&end=2024-12-31,CC BY 4.0 (creativecommons.org/licenses/by/4.0) from Bundesnetzagentur | SMARD.de,0.07877144415,-2.7920760000000064e-05,0.13478281543999998,0.05379443902330298,1.163365,https://data-api.ecb.europa.eu/service/data/EXR/M.USD.EUR.SP00.A?format=csvdata&startPeriod=2023-01&endPeriod=2026-12,2026-08-04,high
DE-LU,Germany/Luxembourg,DE,constrained,2024-08,82.03493279569892,0.2509999999999995,128.73100000000002,49.62284643474407,68,744,https://api.energy-charts.info/price?bzn=DE-LU&start=2024-01-01&end=2024-12-31,CC BY 4.0 (creativecommons.org/licenses/by/4.0) from Bundesnetzagentur | SMARD.de,0.09543656959186828,0.0002920046149999994,0.14976113981500003,0.05772948274255603,1.163365,https://data-api.ecb.europa.eu/service/data/EXR/M.USD.EUR.SP00.A?format=csvdata&startPeriod=2023-01&endPeriod=2026-12,2026-08-04,high
DE-LU,Germany/Luxembourg,DE,constrained,2024-09,78.06488888888889,3.138000000000001,126.418,54.23272551528792,40,720,https://api.energy-charts.info/price?bzn=DE-LU&start=2024-01-01&end=2024-12-31,CC BY 4.0 (creativecommons.org/licenses/by/4.0) from Bundesnetzagentur | SMARD.de,0.09081795946222222,0.003650639370000001,0.14707027657,0.06309245471909293,1.163365,https://data-api.ecb.europa.eu/service/data/EXR/M.USD.EUR.SP00.A?format=csvdata&startPeriod=2023-01&endPeriod=2026-12,2026-08-04,high
DE-LU,Germany/Luxembourg,DE,constrained,2024-10,86.29299731182796,34.301,131.841,42.76077279699812,25,744,https://api.energy-charts.info/price?bzn=DE-LU&start=2024-01-01&end=2024-12-31,CC BY 4.0 (creativecommons.org/licenses/by/4.0) from Bundesnetzagentur | SMARD.de,0.10039025281767473,0.039904582865,0.15337920496500002,0.04974638644497971,1.163365,https://data-api.ecb.europa.eu/service/data/EXR/M.USD.EUR.SP00.A?format=csvdata&startPeriod=2023-01&endPeriod=2026-12,2026-08-04,high
DE-LU,Germany/Luxembourg,DE,constrained,2024-11,113.9568888888889,63.184000000000005,155.10600000000002,64.92650659795319,11,720,https://api.energy-charts.info/price?bzn=DE-LU&start=2024-01-01&end=2024-12-31,CC BY 4.0 (creativecommons.org/licenses/by/4.0) from Bundesnetzagentur | SMARD.de,0.13257345604222223,0.07350605416,0.18044489169000003,0.07553322534832782,1.163365,https://data-api.ecb.europa.eu/service/data/EXR/M.USD.EUR.SP00.A?format=csvdata&startPeriod=2023-01&endPeriod=2026-12,2026-08-04,high
DE-LU,Germany/Luxembourg,DE,constrained,2024-12,108.18454301075269,27.971,166.43800000000002,92.1665250177201,8,744,https://api.energy-charts.info/price?bzn=DE-LU&start=2024-01-01&end=2024-12-31,CC BY 4.0 (creativecommons.org/licenses/by/4.0) from Bundesnetzagentur | SMARD.de,0.1258581108797043,0.032540482415,0.19362814387,0.10722330937723994,1.163365,https://data-api.ecb.europa.eu/service/data/EXR/M.USD.EUR.SP00.A?format=csvdata&startPeriod=2023-01&endPeriod=2026-12,2026-08-04,high
DE-LU,Germany/Luxembourg,DE,constrained,2025-01,114.32130376344087,42.47399999999999,168.137,59.781743411092044,14,744,https://api.energy-charts.info/price?bzn=DE-LU&start=2025-01-01&end=2025-12-31,CC BY 4.0 (creativecommons.org/licenses/by/4.0) from Bundesnetzagentur | SMARD.de,0.13299740355275538,0.049412765009999984,0.19560470100500002,0.06954798792344509,1.163365,https://data-api.ecb.europa.eu/service/data/EXR/M.USD.EUR.SP00.A?format=csvdata&startPeriod=2023-01&endPeriod=2026-12,2026-08-04,high
DE-LU,Germany/Luxembourg,DE,constrained,2025-02,128.5093601190476,83.66,170.707,36.16826306435213,0,672,https://api.energy-charts.info/price?bzn=DE-LU&start=2025-01-01&end=2025-12-31,CC BY 4.0 (creativecommons.org/licenses/by/4.0) from Bundesnetzagentur | SMARD.de,0.14950329173489582,0.0973271159,0.19859454905499999,0.04207689135986002,1.163365,https://data-api.ecb.europa.eu/service/data/EXR/M.USD.EUR.SP00.A?format=csvdata&startPeriod=2023-01&endPeriod=2026-12,2026-08-04,high
DE-LU,Germany/Luxembourg,DE,constrained,2025-03,94.69209677419354,9.749999999999998,148.567,49.16368007651849,30,744,https://api.energy-charts.info/price?bzn=DE-LU&start=2025-01-01&end=2025-12-31,CC BY 4.0 (creativecommons.org/licenses/by/4.0) from Bundesnetzagentur | SMARD.de,0.11016147116370968,0.011342808749999997,0.172837647955,0.05719530467221893,1.163365,https://data-api.ecb.europa.eu/service/data/EXR/M.USD.EUR.SP00.A?format=csvdata&startPeriod=2023-01&endPeriod=2026-12,2026-08-04,high
DE-LU,Germany/Luxembourg,DE,constrained,2025-04,77.92552777777777,-0.01,131.091,50.14786559963948,75,720,https://api.energy-charts.info/price?bzn=DE-LU&start=2025-01-01&end=2025-12-31,CC BY 4.0 (creativecommons.org/licenses/by/4.0) from Bundesnetzagentur | SMARD.de,0.09065583162319445,-1.163365e-05,0.15250668121500002,0.05834027166332459,1.163365,https://data-api.ecb.europa.eu/service/data/EXR/M.USD.EUR.SP00.A?format=csvdata&startPeriod=2023-01&endPeriod=2026-12,2026-08-04,high
DE-LU,Germany/Luxembourg,DE,constrained,2025-05,67.3231182795699,-1.5780000000000003,124.95800000000001,55.685728015931716,129,744,https://api.energy-charts.info/price?bzn=DE-LU&start=2025-01-01&end=2025-12-31,CC BY 4.0 (creativecommons.org/licenses/by/4.0) from Bundesnetzagentur | SMARD.de,0.07832135949731184,-0.0018357899700000002,0.14537176367000001,0.0647828269732544,1.163365,https://data-api.ecb.europa.eu/service/data/EXR/M.USD.EUR.SP00.A?format=csvdata&startPeriod=2023-01&endPeriod=2026-12,2026-08-04,high
DE-LU,Germany/Luxembourg,DE,constrained,2025-06,64.02752777777778,-3.120999999999998,119.21400000000001,54.583805886816215,141,720,https://api.energy-charts.info/price?bzn=DE-LU&start=2025-01-01&end=2025-12-31,CC BY 4.0 (creativecommons.org/licenses/by/4.0) from Bundesnetzagentur | SMARD.de,0.07448738485319444,-0.0036308621649999975,0.13868939511000003,0.06350088933551594,1.163365,https://data-api.ecb.europa.eu/service/data/EXR/M.USD.EUR.SP00.A?format=csvdata&startPeriod=2023-01&endPeriod=2026-12,2026-08-04,high
DE-LU,Germany/Luxembourg,DE,constrained,2025-07,87.79157258064517,38.313,119.15500000000003,39.43612249639385,12,744,https://api.energy-charts.info/price?bzn=DE-LU&start=2025-01-01&end=2025-12-31,CC BY 4.0 (creativecommons.org/licenses/by/4.0) from Bundesnetzagentur | SMARD.de,0.10213364283528226,0.044572003245000005,0.13862075657500003,0.045878604648017234,1.163365,https://data-api.ecb.europa.eu/service/data/EXR/M.USD.EUR.SP00.A?format=csvdata&startPeriod=2023-01&endPeriod=2026-12,2026-08-04,high
DE-LU,Germany/Luxembourg,DE,constrained,2025-08,76.93872311827957,0.0,117.45000000000002,45.611266507503665,64,744,https://api.energy-charts.info/price?bzn=DE-LU&start=2025-01-01&end=2025-12-31,CC BY 4.0 (creativecommons.org/licenses/by/4.0) from Bundesnetzagentur | SMARD.de,0.08950781762049731,0.0,0.13663721925000002,0.053062551060502006,1.163365,https://data-api.ecb.europa.eu/service/data/EXR/M.USD.EUR.SP00.A?format=csvdata&startPeriod=2023-01&endPeriod=2026-12,2026-08-04,high
DE-LU,Germany/Luxembourg,DE,constrained,2025-09,83.52822222222223,0.0,130.10200000000003,59.40932116487975,60,720,https://api.energy-charts.info/price?bzn=DE-LU&start=2025-01-01&end=2025-12-31,CC BY 4.0 (creativecommons.org/licenses/by/4.0) from Bundesnetzagentur | SMARD.de,0.09717381024555556,0.0,0.15135611323000003,0.06911472491698033,1.163365,https://data-api.ecb.europa.eu/service/data/EXR/M.USD.EUR.SP00.A?format=csvdata&startPeriod=2023-01&endPeriod=2026-12,2026-08-04,high
DE-LU,Germany/Luxembourg,DE,constrained,2025-10,84.34996303763441,2.4442499999999976,130.12075000000002,53.50648836603633,51,744,https://api.energy-charts.info/price?bzn=DE-LU&start=2025-01-01&end=2025-12-31,CC BY 4.0 (creativecommons.org/licenses/by/4.0) from Bundesnetzagentur | SMARD.de,0.09812979474927755,0.002843554901249997,0.15137792632375002,0.06224757583795385,1.163365,https://data-api.ecb.europa.eu/service/data/EXR/M.USD.EUR.SP00.A?format=csvdata&startPeriod=2023-01&endPeriod=2026-12,2026-08-04,high
DE-LU,Germany/Luxembourg,DE,constrained,2025-11,101.92772916666667,67.79299999999999,138.45300000000003,44.87365762032633,0,720,https://api.energy-charts.info/price?bzn=DE-LU&start=2025-01-01&end=2025-12-31,CC BY 4.0 (creativecommons.org/licenses/by/4.0) from Bundesnetzagentur | SMARD.de,0.11857915264197916,0.07886800344499999,0.16107137434500005,0.05220444269747094,1.163365,https://data-api.ecb.europa.eu/service/data/EXR/M.USD.EUR.SP00.A?format=csvdata&startPeriod=2023-01&endPeriod=2026-12,2026-08-04,high
DE-LU,Germany/Luxembourg,DE,constrained,2025-12,93.42950268817205,67.354,123.64050000000005,29.69277649299089,0,744,https://api.energy-charts.info/price?bzn=DE-LU&start=2025-01-01&end=2025-12-31,CC BY 4.0 (creativecommons.org/licenses/by/4.0) from Bundesnetzagentur | SMARD.de,0.10869261339482528,0.07835728621,0.14383903028250006,0.034543536924768345,1.163365,https://data-api.ecb.europa.eu/service/data/EXR/M.USD.EUR.SP00.A?format=csvdata&startPeriod=2023-01&endPeriod=2026-12,2026-08-04,high
DE-LU,Germany/Luxembourg,DE,constrained,2026-01,110.1412063172043,80.86274999999999,153.0695,37.913121767867764,4,744,https://api.energy-charts.info/price?bzn=DE-LU&start=2026-01-01&end=2026-12-31,CC BY 4.0 (creativecommons.org/licenses/by/4.0) from Bundesnetzagentur | SMARD.de,0.12813442448721438,0.09407289315374999,0.1780756988675,0.04410679890547548,1.163365,https://data-api.ecb.europa.eu/service/data/EXR/M.USD.EUR.SP00.A?format=csvdata&startPeriod=2023-01&endPeriod=2026-12,2026-08-04,high
DE-LU,Germany/Luxembourg,DE,constrained,2026-02,96.50430431547619,59.779500000000006,128.76275,28.64572263837466,7,672,https://api.energy-charts.info/price?bzn=DE-LU&start=2026-01-01&end=2026-12-31,CC BY 4.0 (creativecommons.org/licenses/by/4.0) from Bundesnetzagentur | SMARD.de,0.11226972998997395,0.06954537801749999,0.14979807665375,0.03332543111719274,1.163365,https://data-api.ecb.europa.eu/service/data/EXR/M.USD.EUR.SP00.A?format=csvdata&startPeriod=2023-01&endPeriod=2026-12,2026-08-04,high
DE-LU,Germany/Luxembourg,DE,constrained,2026-03,99.4597244623656,8.008749999999997,161.79525000000004,54.5550589236557,35,744,https://api.energy-charts.info/price?bzn=DE-LU&start=2026-01-01&end=2026-12-31,CC BY 4.0 (creativecommons.org/licenses/by/4.0) from Bundesnetzagentur | SMARD.de,0.11570796234915996,0.009317099443749997,0.18822693101625004,0.06346744612471872,1.163365,https://data-api.ecb.europa.eu/service/data/EXR/M.USD.EUR.SP00.A?format=csvdata&startPeriod=2023-01&endPeriod=2026-12,2026-08-04,high
DE-LU,Germany/Luxembourg,DE,constrained,2026-04,78.42571527777778,-5.281499999999998,144.03525,70.71934156737753,123,720,https://api.energy-charts.info/price?bzn=DE-LU&start=2026-01-01&end=2026-12-31,CC BY 4.0 (creativecommons.org/licenses/by/4.0) from Bundesnetzagentur | SMARD.de,0.09123773225413195,-0.006144312247499998,0.16756556861624997,0.08227240680253216,1.163365,https://data-api.ecb.europa.eu/service/data/EXR/M.USD.EUR.SP00.A?format=csvdata&startPeriod=2023-01&endPeriod=2026-12,2026-08-04,high
DE-LU,Germany/Luxembourg,DE,constrained,2026-05,97.61508736559139,-0.006750000000000007,153.10275000000001,68.89122635759647,77,744,https://api.energy-charts.info/price?bzn=DE-LU&start=2026-01-01&end=2026-12-31,CC BY 4.0 (creativecommons.org/licenses/by/4.0) from Bundesnetzagentur | SMARD.de,0.11356197611307123,-7.852713750000008e-06,0.17811438075375002,0.0801456415515052,1.163365,https://data-api.ecb.europa.eu/service/data/EXR/M.USD.EUR.SP00.A?format=csvdata&startPeriod=2023-01&endPeriod=2026-12,2026-08-04,high
DE-LU,Germany/Luxembourg,DE,constrained,2026-06,109.57960069444445,5.021750000000002,167.33900000000003,78.73979945617782,52,720,https://api.energy-charts.info/price?bzn=DE-LU&start=2026-01-01&end=2026-12-31,CC BY 4.0 (creativecommons.org/licenses/by/4.0) from Bundesnetzagentur | SMARD.de,0.12748107216189236,0.005842128188750002,0.19467633573500004,0.0916031267943363,1.163365,https://data-api.ecb.europa.eu/service/data/EXR/M.USD.EUR.SP00.A?format=csvdata&startPeriod=2023-01&endPeriod=2026-12,2026-08-04,high
DE-LU,Germany/Luxembourg,DE,constrained,2026-07,105.4695934139785,-0.009250000000000006,168.14700000000002,61.761788860110606,79,744,https://api.energy-charts.info/price?bzn=DE-LU&start=2026-01-01&end=2026-12-31,CC BY 4.0 (creativecommons.org/licenses/by/4.0) from Bundesnetzagentur | SMARD.de,0.1226996335420531,-1.0761126250000008e-05,0.19561633465500003,0.07185150349724258,1.163365,https://data-api.ecb.europa.eu/service/data/EXR/M.USD.EUR.SP00.A?format=csvdata&startPeriod=2023-01&endPeriod=2026-12,2026-08-04,high
DE-LU,Germany/Luxembourg,DE,constrained,2026-08,124.91289893617021,7.1247500000000095,180.0385,60.882171221314024,5,94,https://api.energy-charts.info/price?bzn=DE-LU&start=2026-01-01&end=2026-12-31,CC BY 4.0 (creativecommons.org/licenses/by/4.0) from Bundesnetzagentur | SMARD.de,0.14531929467087765,0.00828868478375001,0.20945048955249998,0.070828187122884,1.163365,https://data-api.ecb.europa.eu/service/data/EXR/M.USD.EUR.SP00.A?format=csvdata&startPeriod=2023-01&endPeriod=2026-12,2026-08-04,high
FR,France,FR,constrained,2022-12,0.0,0.0,0.0,,0,1,https://api.energy-charts.info/price?bzn=FR&start=2023-01-01&end=2023-12-31,CC BY 4.0 (creativecommons.org/licenses/by/4.0) from Bundesnetzagentur | SMARD.de,0.0,0.0,0.0,,1.163365,https://data-api.ecb.europa.eu/service/data/EXR/M.USD.EUR.SP00.A?format=csvdata&startPeriod=2023-01&endPeriod=2026-12,2026-08-04,high
FR,France,FR,constrained,2023-01,132.2818682795699,44.053000000000004,195.094,57.68757689251301,8,744,https://api.energy-charts.info/price?bzn=FR&start=2023-01-01&end=2023-12-31,CC BY 4.0 (creativecommons.org/licenses/by/4.0) from Bundesnetzagentur | SMARD.de,0.15389209569106183,0.05124971834500001,0.22696553131,0.06711170789155839,1.163365,https://data-api.ecb.europa.eu/service/data/EXR/M.USD.EUR.SP00.A?format=csvdata&startPeriod=2023-01&endPeriod=2026-12,2026-08-04,high
FR,France,FR,constrained,2023-02,148.77577380952383,117.24,179.987,26.59656651186384,0,672,https://api.energy-charts.info/price?bzn=FR&start=2023-01-01&end=2023-12-31,CC BY 4.0 (creativecommons.org/licenses/by/4.0) from Bundesnetzagentur | SMARD.de,0.17308052809791669,0.1363929126,0.209390576255,0.030941514600074476,1.163365,https://data-api.ecb.europa.eu/service/data/EXR/M.USD.EUR.SP00.A?format=csvdata&startPeriod=2023-01&endPeriod=2026-12,2026-08-04,high
FR,France,FR,constrained,2023-03,111.80903225806452,53.411,159.919,42.6656490424592,4,744,https://api.energy-charts.info/price?bzn=FR&start=2023-01-01&end=2023-12-31,CC BY 4.0 (creativecommons.org/licenses/by/4.0) from Bundesnetzagentur | SMARD.de,0.13007471481290322,0.062136488015,0.18604416743500002,0.049635722798280546,1.163365,https://data-api.ecb.europa.eu/service/data/EXR/M.USD.EUR.SP00.A?format=csvdata&startPeriod=2023-01&endPeriod=2026-12,2026-08-04,high
FR,France,FR,constrained,2023-04,106.45168055555557,67.995,141.405,32.390141069145955,2,720,https://api.energy-charts.info/price?bzn=FR&start=2023-01-01&end=2023-12-31,CC BY 4.0 (creativecommons.org/licenses/by/4.0) from Bundesnetzagentur | SMARD.de,0.12384215934951391,0.07910300317499999,0.164505627825,0.037681556464906986,1.163365,https://data-api.ecb.europa.eu/service/data/EXR/M.USD.EUR.SP00.A?format=csvdata&startPeriod=2023-01&endPeriod=2026-12,2026-08-04,high
FR,France,FR,constrained,2023-05,77.4775806451613,27.445,111.028,32.44274582588474,25,744,https://api.energy-charts.info/price?bzn=FR&start=2023-01-01&end=2023-12-31,CC BY 4.0 (creativecommons.org/licenses/by/4.0) from Bundesnetzagentur | SMARD.de,0.09013470560725807,0.031928552425,0.12916608922,0.0377427549977304,1.163365,https://data-api.ecb.europa.eu/service/data/EXR/M.USD.EUR.SP00.A?format=csvdata&startPeriod=2023-01&endPeriod=2026-12,2026-08-04,high
FR,France,FR,constrained,2023-06,91.28059722222223,56.85,129.314,32.72914392116768,14,720,https://api.energy-charts.info/price?bzn=FR&start=2023-01-01&end=2023-12-31,CC BY 4.0 (creativecommons.org/licenses/by/4.0) from Bundesnetzagentur | SMARD.de,0.10619265198743057,0.06613730024999999,0.15043938161,0.03807594051784924,1.163365,https://data-api.ecb.europa.eu/service/data/EXR/M.USD.EUR.SP00.A?format=csvdata&startPeriod=2023-01&endPeriod=2026-12,2026-08-04,high
FR,France,FR,constrained,2023-07,77.61654569892472,15.995,117.37400000000001,38.20960467823265,47,744,https://api.energy-charts.info/price?bzn=FR&start=2023-01-01&end=2023-12-31,CC BY 4.0 (creativecommons.org/licenses/by/4.0) from Bundesnetzagentur | SMARD.de,0.09029637268702956,0.018608023175,0.13654880351,0.04445171674649213,1.163365,https://data-api.ecb.europa.eu/service/data/EXR/M.USD.EUR.SP00.A?format=csvdata&startPeriod=2023-01&endPeriod=2026-12,2026-08-04,high
FR,France,FR,constrained,2023-08,90.96353494623655,46.184999999999995,127.066,35.46646307000392,0,744,https://api.energy-charts.info/price?bzn=FR&start=2023-01-01&end=2023-12-31,CC BY 4.0 (creativecommons.org/licenses/by/4.0) from Bundesnetzagentur | SMARD.de,0.10582379283272848,0.053730012524999995,0.14782413709,0.041260441809435104,1.163365,https://data-api.ecb.europa.eu/service/data/EXR/M.USD.EUR.SP00.A?format=csvdata&startPeriod=2023-01&endPeriod=2026-12,2026-08-04,high
FR,France,FR,constrained,2023-09,88.70819444444444,38.961000000000006,126.252,34.95928414282179,15,720,https://api.energy-charts.info/price?bzn=FR&start=2023-01-01&end=2023-12-31,CC BY 4.0 (creativecommons.org/licenses/by/4.0) from Bundesnetzagentur | SMARD.de,0.10320000862986112,0.04532586376500001,0.14687715798,0.04067040759681387,1.163365,https://data-api.ecb.europa.eu/service/data/EXR/M.USD.EUR.SP00.A?format=csvdata&startPeriod=2023-01&endPeriod=2026-12,2026-08-04,high
FR,France,FR,constrained,2023-10,84.19553763440861,11.133999999999999,135.173,44.4392522858039,3,744,https://api.energy-charts.info/price?bzn=FR&start=2023-01-01&end=2023-12-31,CC BY 4.0 (creativecommons.org/licenses/by/4.0) from Bundesnetzagentur | SMARD.de,0.09795014164005378,0.012952905909999998,0.157255537145,0.05169907073547426,1.163365,https://data-api.ecb.europa.eu/service/data/EXR/M.USD.EUR.SP00.A?format=csvdata&startPeriod=2023-01&endPeriod=2026-12,2026-08-04,high
FR,France,FR,constrained,2023-11,89.01815277777777,19.186,132.374,42.62124277312897,0,720,https://api.energy-charts.info/price?bzn=FR&start=2023-01-01&end=2023-12-31,CC BY 4.0 (creativecommons.org/licenses/by/4.0) from Bundesnetzagentur | SMARD.de,0.10356060330631943,0.02232032089,0.15399927850999998,0.04958406209876118,1.163365,https://data-api.ecb.europa.eu/service/data/EXR/M.USD.EUR.SP00.A?format=csvdata&startPeriod=2023-01&endPeriod=2026-12,2026-08-04,high
FR,France,FR,constrained,2023-12,68.3307123655914,1.436,119.96300000000001,44.686680642150144,29,744,https://api.energy-charts.info/price?bzn=FR&start=2023-01-01&end=2023-12-31,CC BY 4.0 (creativecommons.org/licenses/by/4.0) from Bundesnetzagentur | SMARD.de,0.07949355919119623,0.00167059214,0.139560755495,0.051986920225255,1.163365,https://data-api.ecb.europa.eu/service/data/EXR/M.USD.EUR.SP00.A?format=csvdata&startPeriod=2023-01&endPeriod=2026-12,2026-08-04,high
FR,France,FR,constrained,2024-01,76.66315860215053,44.79,107.562,27.55588738507835,8,744,https://api.energy-charts.info/price?bzn=FR&start=2024-01-01&end=2024-12-31,CC BY 4.0 (creativecommons.org/licenses/by/4.0) from Bundesnetzagentur | SMARD.de,0.08918723550719085,0.05210711835,0.12513386613,0.03205755492774168,1.163365,https://data-api.ecb.europa.eu/service/data/EXR/M.USD.EUR.SP00.A?format=csvdata&startPeriod=2023-01&endPeriod=2026-12,2026-08-04,high
FR,France,FR,constrained,2024-02,58.38573275862069,37.295,79.315,18.218047879151047,0,696,https://api.energy-charts.info/price?bzn=FR&start=2024-01-01&end=2024-12-31,CC BY 4.0 (creativecommons.org/licenses/by/4.0) from Bundesnetzagentur | SMARD.de,0.06792391799073276,0.043387697674999996,0.09227229497499999,0.021194239270928558,1.163365,https://data-api.ecb.europa.eu/service/data/EXR/M.USD.EUR.SP00.A?format=csvdata&startPeriod=2023-01&endPeriod=2026-12,2026-08-04,high
FR,France,FR,constrained,2024-03,53.53591397849463,18.079,82.771,25.52955644857469,5,744,https://api.energy-charts.info/price?bzn=FR&start=2024-01-01&end=2024-12-31,CC BY 4.0 (creativecommons.org/licenses/by/4.0) from Bundesnetzagentur | SMARD.de,0.062281808565591394,0.021032475834999998,0.096292884415,0.029700192437796095,1.163365,https://data-api.ecb.europa.eu/service/data/EXR/M.USD.EUR.SP00.A?format=csvdata&startPeriod=2023-01&endPeriod=2026-12,2026-08-04,high
FR,France,FR,constrained,2024-04,28.229958333333332,-0.01,81.008,34.18324161994843,84,720,https://api.energy-charts.info/price?bzn=FR&start=2024-01-01&end=2024-12-31,CC BY 4.0 (creativecommons.org/licenses/by/4.0) from Bundesnetzagentur | SMARD.de,0.03284174547645833,-1.163365e-05,0.09424187192,0.03976758688719131,1.163365,https://data-api.ecb.europa.eu/service/data/EXR/M.USD.EUR.SP00.A?format=csvdata&startPeriod=2023-01&endPeriod=2026-12,2026-08-04,high
FR,France,FR,constrained,2024-05,27.089368279569893,0.0,64.65600000000002,25.814324922453565,60,744,https://api.energy-charts.info/price?bzn=FR&start=2024-01-01&end=2024-12-31,CC BY 4.0 (creativecommons.org/licenses/by/4.0) from Bundesnetzagentur | SMARD.de,0.03151482292856183,0.0,0.07521852744000002,0.030031482113410193,1.163365,https://data-api.ecb.europa.eu/service/data/EXR/M.USD.EUR.SP00.A?format=csvdata&startPeriod=2023-01&endPeriod=2026-12,2026-08-04,high
FR,France,FR,constrained,2024-06,37.78369444444444,0.0,89.99600000000001,35.653850610888554,69,720,https://api.energy-charts.info/price?bzn=FR&start=2024-01-01&end=2024-12-31,CC BY 4.0 (creativecommons.org/licenses/by/4.0) from Bundesnetzagentur | SMARD.de,0.043956227687361106,0.0,0.10469819654000001,0.041478441915936366,1.163365,https://data-api.ecb.europa.eu/service/data/EXR/M.USD.EUR.SP00.A?format=csvdata&startPeriod=2023-01&endPeriod=2026-12,2026-08-04,high
FR,France,FR,constrained,2024-07,47.08576612903226,0.11499999999999985,94.46100000000001,35.72132097159898,50,744,https://api.energy-charts.info/price?bzn=FR&start=2024-01-01&end=2024-12-31,CC BY 4.0 (creativecommons.org/licenses/by/4.0) from Bundesnetzagentur | SMARD.de,0.054777932312701616,0.00013378697499999984,0.10989262126500002,0.04155693457212424,1.163365,https://data-api.ecb.europa.eu/service/data/EXR/M.USD.EUR.SP00.A?format=csvdata&startPeriod=2023-01&endPeriod=2026-12,2026-08-04,high
FR,France,FR,constrained,2024-08,54.562298387096774,0.7249999999999993,106.25200000000001,38.864963527574226,46,744,https://api.energy-charts.info/price?bzn=FR&start=2024-01-01&end=2024-12-31,CC BY 4.0 (creativecommons.org/licenses/by/4.0) from Bundesnetzagentur | SMARD.de,0.06347586826310483,0.0008434396249999991,0.12360985798000002,0.045214138294256384,1.163365,https://data-api.ecb.europa.eu/service/data/EXR/M.USD.EUR.SP00.A?format=csvdata&startPeriod=2023-01&endPeriod=2026-12,2026-08-04,high
FR,France,FR,constrained,2024-09,51.61158333333333,0.09900000000000006,102.70400000000001,37.737312038376274,17,720,https://api.energy-charts.info/price?bzn=FR&start=2024-01-01&end=2024-12-31,CC BY 4.0 (creativecommons.org/licenses/by/4.0) from Bundesnetzagentur | SMARD.de,0.06004310964458332,0.00011517313500000006,0.11948223896,0.04390226801952561,1.163365,https://data-api.ecb.europa.eu/service/data/EXR/M.USD.EUR.SP00.A?format=csvdata&startPeriod=2023-01&endPeriod=2026-12,2026-08-04,high
FR,France,FR,constrained,2024-10,62.25095430107527,10.292,104.18000000000002,35.10604220774326,13,744,https://api.energy-charts.info/price?bzn=FR&start=2024-01-01&end=2024-12-31,CC BY 4.0 (creativecommons.org/licenses/by/4.0) from Bundesnetzagentur | SMARD.de,0.07242058145047042,0.01197335258,0.12119936570000003,0.04084114079301124,1.163365,https://data-api.ecb.europa.eu/service/data/EXR/M.USD.EUR.SP00.A?format=csvdata&startPeriod=2023-01&endPeriod=2026-12,2026-08-04,high
FR,France,FR,constrained,2024-11,100.55093055555555,67.83200000000001,133.68800000000002,31.455652586798653,0,720,https://api.energy-charts.info/price?bzn=FR&start=2024-01-01&end=2024-12-31,CC BY 4.0 (creativecommons.org/licenses/by/4.0) from Bundesnetzagentur | SMARD.de,0.11697743332576388,0.07891337468000001,0.15552794012,0.03659440527164102,1.163365,https://data-api.ecb.europa.eu/service/data/EXR/M.USD.EUR.SP00.A?format=csvdata&startPeriod=2023-01&endPeriod=2026-12,2026-08-04,high
FR,France,FR,constrained,2024-12,98.05939516129033,26.659999999999993,146.36700000000002,48.0330468792105,0,744,https://api.energy-charts.info/price?bzn=FR&start=2024-01-01&end=2024-12-31,CC BY 4.0 (creativecommons.org/licenses/by/4.0) from Bundesnetzagentur | SMARD.de,0.11407886825181451,0.031015310899999992,0.17027824495500002,0.05587996558263273,1.163365,https://data-api.ecb.europa.eu/service/data/EXR/M.USD.EUR.SP00.A?format=csvdata&startPeriod=2023-01&endPeriod=2026-12,2026-08-04,high
FR,France,FR,constrained,2025-01,102.44247311827957,27.817999999999998,159.23700000000005,52.55210598192245,0,744,https://api.energy-charts.info/price?bzn=FR&start=2025-01-01&end=2025-12-31,CC BY 4.0 (creativecommons.org/licenses/by/4.0) from Bundesnetzagentur | SMARD.de,0.1191779877392473,0.03236248757,0.18525075250500006,0.06113728077565921,1.163365,https://data-api.ecb.europa.eu/service/data/EXR/M.USD.EUR.SP00.A?format=csvdata&startPeriod=2023-01&endPeriod=2026-12,2026-08-04,high
FR,France,FR,constrained,2025-02,122.63029761904761,81.455,163.301,33.84319995097574,0,672,https://api.energy-charts.info/price?bzn=FR&start=2025-01-01&end=2025-12-31,CC BY 4.0 (creativecommons.org/licenses/by/4.0) from Bundesnetzagentur | SMARD.de,0.1426637961895833,0.09476189607499999,0.18997866786499998,0.03937199431096689,1.163365,https://data-api.ecb.europa.eu/service/data/EXR/M.USD.EUR.SP00.A?format=csvdata&startPeriod=2023-01&endPeriod=2026-12,2026-08-04,high
FR,France,FR,constrained,2025-03,76.83912634408601,14.674,125.80600000000003,41.4116627211455,10,744,https://api.energy-charts.info/price?bzn=FR&start=2025-01-01&end=2025-12-31,CC BY 4.0 (creativecommons.org/licenses/by/4.0) from Bundesnetzagentur | SMARD.de,0.08939195021928763,0.01707121801,0.14635829719000004,0.04817687900158543,1.163365,https://data-api.ecb.europa.eu/service/data/EXR/M.USD.EUR.SP00.A?format=csvdata&startPeriod=2023-01&endPeriod=2026-12,2026-08-04,high
FR,France,FR,constrained,2025-04,42.05251388888889,-0.01,92.578,37.489365998032554,90,720,https://api.energy-charts.info/price?bzn=FR&start=2025-01-01&end=2025-12-31,CC BY 4.0 (creativecommons.org/licenses/by/4.0) from Bundesnetzagentur | SMARD.de,0.04892242282034722,-1.163365e-05,0.10770200497,0.043613816274301144,1.163365,https://data-api.ecb.europa.eu/service/data/EXR/M.USD.EUR.SP00.A?format=csvdata&startPeriod=2023-01&endPeriod=2026-12,2026-08-04,high
FR,France,FR,constrained,2025-05,19.435618279569894,-0.06700000000000003,52.035000000000004,27.20966614613467,133,744,https://api.energy-charts.info/price?bzn=FR&start=2025-01-01&end=2025-12-31,CC BY 4.0 (creativecommons.org/licenses/by/4.0) from Bundesnetzagentur | SMARD.de,0.02261071805981183,-7.794545500000004e-05,0.060535697775,0.03165477325609796,1.163365,https://data-api.ecb.europa.eu/service/data/EXR/M.USD.EUR.SP00.A?format=csvdata&startPeriod=2023-01&endPeriod=2026-12,2026-08-04,high
FR,France,FR,constrained,2025-06,40.89586111111111,-0.020999999999999942,106.81600000000002,43.54337269659202,130,720,https://api.energy-charts.info/price?bzn=FR&start=2025-01-01&end=2025-12-31,CC BY 4.0 (creativecommons.org/licenses/by/4.0) from Bundesnetzagentur | SMARD.de,0.04757681346152778,-2.4430664999999933e-05,0.12426599584000002,0.050656835777170776,1.163365,https://data-api.ecb.europa.eu/service/data/EXR/M.USD.EUR.SP00.A?format=csvdata&startPeriod=2023-01&endPeriod=2026-12,2026-08-04,high
FR,France,FR,constrained,2025-07,57.962728494623654,10.751,103.656,36.00343162127206,7,744,https://api.energy-charts.info/price?bzn=FR&start=2025-01-01&end=2025-12-31,CC BY 4.0 (creativecommons.org/licenses/by/4.0) from Bundesnetzagentur | SMARD.de,0.06743180963514785,0.012507337115,0.12058976244,0.04188513222808117,1.163365,https://data-api.ecb.europa.eu/service/data/EXR/M.USD.EUR.SP00.A?format=csvdata&startPeriod=2023-01&endPeriod=2026-12,2026-08-04,high
FR,France,FR,constrained,2025-08,54.24912634408602,0.0,101.572,38.61464902978275,66,744,https://api.energy-charts.info/price?bzn=FR&start=2025-01-01&end=2025-12-31,CC BY 4.0 (creativecommons.org/licenses/by/4.0) from Bundesnetzagentur | SMARD.de,0.06311153486928762,0.0,0.11816530978,0.0449229311685332,1.163365,https://data-api.ecb.europa.eu/service/data/EXR/M.USD.EUR.SP00.A?format=csvdata&startPeriod=2023-01&endPeriod=2026-12,2026-08-04,high
FR,France,FR,constrained,2025-09,34.07584770114943,0.0,86.695,33.962896324700914,57,696,https://api.energy-charts.info/price?bzn=FR&start=2025-01-01&end=2025-12-31,CC BY 4.0 (creativecommons.org/licenses/by/4.0) from Bundesnetzagentur | SMARD.de,0.039642648560847704,0.0,0.100857928675,0.03951124488278567,1.163365,https://data-api.ecb.europa.eu/service/data/EXR/M.USD.EUR.SP00.A?format=csvdata&startPeriod=2023-01&endPeriod=2026-12,2026-08-04,high
FR,France,FR,constrained,2025-10,57.363921370967745,7.43675,107.1755,38.538736138858425,20,744,https://api.energy-charts.info/price?bzn=FR&start=2025-01-01&end=2025-12-31,CC BY 4.0 (creativecommons.org/licenses/by/4.0) from Bundesnetzagentur | SMARD.de,0.0667351783857359,0.00865165466375,0.1246842255575,0.04483461676818303,1.163365,https://data-api.ecb.europa.eu/service/data/EXR/M.USD.EUR.SP00.A?format=csvdata&startPeriod=2023-01&endPeriod=2026-12,2026-08-04,high
FR,France,FR,constrained,2025-11,59.211697916666665,15.434000000000001,97.98475,33.552330310843786,0,720,https://api.energy-charts.info/price?bzn=FR&start=2025-01-01&end=2025-12-31,CC BY 4.0 (creativecommons.org/licenses/by/4.0) from Bundesnetzagentur | SMARD.de,0.06888481694682291,0.017955375410000002,0.11399202868375001,0.03903360675207478,1.163365,https://data-api.ecb.europa.eu/service/data/EXR/M.USD.EUR.SP00.A?format=csvdata&startPeriod=2023-01&endPeriod=2026-12,2026-08-04,high
FR,France,FR,constrained,2025-12,68.72434475806452,21.6765,97.22600000000001,27.38432765948077,0,744,https://api.energy-charts.info/price?bzn=FR&start=2025-01-01&end=2025-12-31,CC BY 4.0 (creativecommons.org/licenses/by/4.0) from Bundesnetzagentur | SMARD.de,0.07995149733946573,0.0252176814225,0.11310932549000002,0.03185796834757185,1.163365,https://data-api.ecb.europa.eu/service/data/EXR/M.USD.EUR.SP00.A?format=csvdata&startPeriod=2023-01&endPeriod=2026-12,2026-08-04,high
FR,France,FR,constrained,2026-01,100.69524529569892,73.56875,131.65,27.474460309447437,0,744,https://api.energy-charts.info/price?bzn=FR&start=2026-01-01&end=2026-12-31,CC BY 4.0 (creativecommons.org/licenses/by/4.0) from Bundesnetzagentur | SMARD.de,0.11714532404343078,0.08558730884375,0.15315700225,0.03196282551790032,1.163365,https://data-api.ecb.europa.eu/service/data/EXR/M.USD.EUR.SP00.A?format=csvdata&startPeriod=2023-01&endPeriod=2026-12,2026-08-04,high
FR,France,FR,constrained,2026-02,45.90705729166667,0.553500000000002,101.53549999999998,38.63758319622519,30,672,https://api.energy-charts.info/price?bzn=FR&start=2026-01-01&end=2026-12-31,CC BY 4.0 (creativecommons.org/licenses/by/4.0) from Bundesnetzagentur | SMARD.de,0.053406663706119795,0.0006439225275000023,0.11812284695749997,0.04494961197507651,1.163365,https://data-api.ecb.europa.eu/service/data/EXR/M.USD.EUR.SP00.A?format=csvdata&startPeriod=2023-01&endPeriod=2026-12,2026-08-04,high
FR,France,FR,constrained,2026-03,64.07027217741935,1.853,131.7497500000001,48.97719786871757,39,744,https://api.energy-charts.info/price?bzn=FR&start=2026-01-01&end=2026-12-31,CC BY 4.0 (creativecommons.org/licenses/by/4.0) from Bundesnetzagentur | SMARD.de,0.07453711219168346,0.002155715345,0.1532730479087501,0.056978357798540616,1.163365,https://data-api.ecb.europa.eu/service/data/EXR/M.USD.EUR.SP00.A?format=csvdata&startPeriod=2023-01&endPeriod=2026-12,2026-08-04,high
FR,France,FR,constrained,2026-04,39.55741666666667,-3.0152499999999995,118.29300000000002,58.94506796683458,139,720,https://api.energy-charts.info/price?bzn=FR&start=2026-01-01&end=2026-12-31,CC BY 4.0 (creativecommons.org/licenses/by/4.0) from Bundesnetzagentur | SMARD.de,0.046019714040416666,-0.003507836316249999,0.13761793594500002,0.0685746289952365,1.163365,https://data-api.ecb.europa.eu/service/data/EXR/M.USD.EUR.SP00.A?format=csvdata&startPeriod=2023-01&endPeriod=2026-12,2026-08-04,high
FR,France,FR,constrained,2026-05,52.24528561827957,-0.01,117.69300000000001,58.03972040199077,103,744,https://api.energy-charts.info/price?bzn=FR&start=2026-01-01&end=2026-12-31,CC BY 4.0 (creativecommons.org/licenses/by/4.0) from Bundesnetzagentur | SMARD.de,0.060780336703309804,-1.163365e-05,0.136919916945,0.067521379325462,1.163365,https://data-api.ecb.europa.eu/service/data/EXR/M.USD.EUR.SP00.A?format=csvdata&startPeriod=2023-01&endPeriod=2026-12,2026-08-04,high
FR,France,FR,constrained,2026-06,66.24156944444445,-0.01,134.0525,60.09803790415382,96,720,https://api.energy-charts.info/price?bzn=FR&start=2026-01-01&end=2026-12-31,CC BY 4.0 (creativecommons.org/licenses/by/4.0) from Bundesnetzagentur | SMARD.de,0.07706312343673612,-1.163365e-05,0.15595198666250001,0.06991595386636591,1.163365,https://data-api.ecb.europa.eu/service/data/EXR/M.USD.EUR.SP00.A?format=csvdata&startPeriod=2023-01&endPeriod=2026-12,2026-08-04,high
FR,France,FR,constrained,2026-07,95.3341061827957,-0.005,161.93600000000004,61.12427822464108,80,744,https://api.energy-charts.info/price?bzn=FR&start=2026-01-01&end=2026-12-31,CC BY 4.0 (creativecommons.org/licenses/by/4.0) from Bundesnetzagentur | SMARD.de,0.11090836243934811,-5.816825e-06,0.18839067464000003,0.07110984593680958,1.163365,https://data-api.ecb.europa.eu/service/data/EXR/M.USD.EUR.SP00.A?format=csvdata&startPeriod=2023-01&endPeriod=2026-12,2026-08-04,high
FR,France,FR,constrained,2026-08,116.22936170212765,0.5100000000000002,178.165,59.165884450307345,5,94,https://api.energy-charts.info/price?bzn=FR&start=2026-01-01&end=2026-12-31,CC BY 4.0 (creativecommons.org/licenses/by/4.0) from Bundesnetzagentur | SMARD.de,0.13521717137659572,0.0005933161500000003,0.20727092522499999,0.0688315191635318,1.163365,https://data-api.ecb.europa.eu/service/data/EXR/M.USD.EUR.SP00.A?format=csvdata&startPeriod=2023-01&endPeriod=2026-12,2026-08-04,high
NL,Netherlands,NL,constrained,2022-12,-3.61,-3.61,-3.61,,1,1,https://api.energy-charts.info/price?bzn=NL&start=2023-01-01&end=2023-12-31,CC BY 4.0 (creativecommons.org/licenses/by/4.0) from Bundesnetzagentur | SMARD.de,-0.00419974765,-0.00419974765,-0.00419974765,,1.163365,https://data-api.ecb.europa.eu/service/data/EXR/M.USD.EUR.SP00.A?format=csvdata&startPeriod=2023-01&endPeriod=2026-12,2026-08-04,high
NL,Netherlands,NL,constrained,2023-01,126.12795698924731,43.431999999999995,187.84700000000004,54.535167160221505,8,744,https://api.energy-charts.info/price?bzn=NL&start=2023-01-01&end=2023-12-31,CC BY 4.0 (creativecommons.org/licenses/by/4.0) from Bundesnetzagentur | SMARD.de,0.14673285068279568,0.050527268679999994,0.21853462515500005,0.0634443047433511,1.163365,https://data-api.ecb.europa.eu/service/data/EXR/M.USD.EUR.SP00.A?format=csvdata&startPeriod=2023-01&endPeriod=2026-12,2026-08-04,high
NL,Netherlands,NL,constrained,2023-02,134.91026785714286,98.56,175.981,32.19658764934537,0,672,https://api.energy-charts.info/price?bzn=NL&start=2023-01-01&end=2023-12-31,CC BY 4.0 (creativecommons.org/licenses/by/4.0) from Bundesnetzagentur | SMARD.de,0.156949883765625,0.11466125440000001,0.20473013606499998,0.037456383190680675,1.163365,https://data-api.ecb.europa.eu/service/data/EXR/M.USD.EUR.SP00.A?format=csvdata&startPeriod=2023-01&endPeriod=2026-12,2026-08-04,high
NL,Netherlands,NL,constrained,2023-03,104.44475806451612,54.294,149.66000000000003,40.37704319830789,20,744,https://api.energy-charts.info/price?bzn=NL&start=2023-01-01&end=2023-12-31,CC BY 4.0 (creativecommons.org/licenses/by/4.0) from Bundesnetzagentur | SMARD.de,0.1215073759657258,0.06316373931,0.17410920590000004,0.046973238860399454,1.163365,https://data-api.ecb.europa.eu/service/data/EXR/M.USD.EUR.SP00.A?format=csvdata&startPeriod=2023-01&endPeriod=2026-12,2026-08-04,high
NL,Netherlands,NL,constrained,2023-04,98.71122222222222,50.0,140.0,43.86841665557466,27,720,https://api.energy-charts.info/price?bzn=NL&start=2023-01-01&end=2023-12-31,CC BY 4.0 (creativecommons.org/licenses/by/4.0) from Bundesnetzagentur | SMARD.de,0.11483718104055556,0.05816825,0.1628711,0.05103498054251261,1.163365,https://data-api.ecb.europa.eu/service/data/EXR/M.USD.EUR.SP00.A?format=csvdata&startPeriod=2023-01&endPeriod=2026-12,2026-08-04,high
NL,Netherlands,NL,constrained,2023-05,77.87716397849462,15.368999999999996,118.88000000000001,47.98659586166019,49,744,https://api.energy-charts.info/price?bzn=NL&start=2023-01-01&end=2023-12-31,CC BY 4.0 (creativecommons.org/licenses/by/4.0) from Bundesnetzagentur | SMARD.de,0.09059956687184138,0.017879756684999998,0.1383008312,0.055825926094600305,1.163365,https://data-api.ecb.europa.eu/service/data/EXR/M.USD.EUR.SP00.A?format=csvdata&startPeriod=2023-01&endPeriod=2026-12,2026-08-04,high
NL,Netherlands,NL,constrained,2023-06,92.04093055555556,49.783,133.899,37.61654702178525,22,720,https://api.energy-charts.info/price?bzn=NL&start=2023-01-01&end=2023-12-31,CC BY 4.0 (creativecommons.org/licenses/by/4.0) from Bundesnetzagentur | SMARD.de,0.1070771971757639,0.057915799795,0.155773410135,0.043761774225999195,1.163365,https://data-api.ecb.europa.eu/service/data/EXR/M.USD.EUR.SP00.A?format=csvdata&startPeriod=2023-01&endPeriod=2026-12,2026-08-04,high
NL,Netherlands,NL,constrained,2023-07,71.69251344086022,0.07599999999999994,118.055,60.74284027729294,65,744,https://api.energy-charts.info/price?bzn=NL&start=2023-01-01&end=2023-12-31,CC BY 4.0 (creativecommons.org/licenses/by/4.0) from Bundesnetzagentur | SMARD.de,0.08340456089912635,8.841573999999994e-05,0.13734105507500002,0.0706660943791929,1.163365,https://data-api.ecb.europa.eu/service/data/EXR/M.USD.EUR.SP00.A?format=csvdata&startPeriod=2023-01&endPeriod=2026-12,2026-08-04,high
NL,Netherlands,NL,constrained,2023-08,91.41880376344085,30.051000000000002,133.766,41.491430752491006,20,744,https://api.energy-charts.info/price?bzn=NL&start=2023-01-01&end=2023-12-31,CC BY 4.0 (creativecommons.org/licenses/by/4.0) from Bundesnetzagentur | SMARD.de,0.10635343664025537,0.034960281615,0.15561868259,0.0482696783373717,1.163365,https://data-api.ecb.europa.eu/service/data/EXR/M.USD.EUR.SP00.A?format=csvdata&startPeriod=2023-01&endPeriod=2026-12,2026-08-04,high
NL,Netherlands,NL,constrained,2023-09,98.69522222222221,52.67000000000003,140.616,46.8704595006612,23,720,https://api.energy-charts.info/price?bzn=NL&start=2023-01-01&end=2023-12-31,CC BY 4.0 (creativecommons.org/licenses/by/4.0) from Bundesnetzagentur | SMARD.de,0.11481856720055555,0.06127443455000003,0.16358773284,0.054527452116986716,1.163365,https://data-api.ecb.europa.eu/service/data/EXR/M.USD.EUR.SP00.A?format=csvdata&startPeriod=2023-01&endPeriod=2026-12,2026-08-04,high
NL,Netherlands,NL,constrained,2023-10,90.18885752688172,7.768999999999999,144.455,47.922806209063026,37,744,https://api.energy-charts.info/price?bzn=NL&start=2023-01-01&end=2023-12-31,CC BY 4.0 (creativecommons.org/licenses/by/4.0) from Bundesnetzagentur | SMARD.de,0.10492256023676075,0.009038182684999998,0.16805389107500002,0.0557517154454066,1.163365,https://data-api.ecb.europa.eu/service/data/EXR/M.USD.EUR.SP00.A?format=csvdata&startPeriod=2023-01&endPeriod=2026-12,2026-08-04,high
NL,Netherlands,NL,constrained,2023-11,94.4645,32.159,138.0,41.493411371352316,0,720,https://api.energy-charts.info/price?bzn=NL&start=2023-01-01&end=2023-12-31,CC BY 4.0 (creativecommons.org/licenses/by/4.0) from Bundesnetzagentur | SMARD.de,0.10989669304250001,0.037412655035,0.16054437,0.048271982520033285,1.163365,https://data-api.ecb.europa.eu/service/data/EXR/M.USD.EUR.SP00.A?format=csvdata&startPeriod=2023-01&endPeriod=2026-12,2026-08-04,high
NL,Netherlands,NL,constrained,2023-12,73.04486559139785,1.733999999999999,121.535,43.61497483812137,44,744,https://api.energy-charts.info/price?bzn=NL&start=2023-01-01&end=2023-12-31,CC BY 4.0 (creativecommons.org/licenses/by/4.0) from Bundesnetzagentur | SMARD.de,0.08497784005873656,0.002017274909999999,0.141389565275,0.050740135202551065,1.163365,https://data-api.ecb.europa.eu/service/data/EXR/M.USD.EUR.SP00.A?format=csvdata&startPeriod=2023-01&endPeriod=2026-12,2026-08-04,high
NL,Netherlands,NL,constrained,2024-01,78.4281317204301,49.976,110.594,27.352883896837596,13,744,https://api.energy-charts.info/price?bzn=NL&start=2024-01-01&end=2024-12-31,CC BY 4.0 (creativecommons.org/licenses/by/4.0) from Bundesnetzagentur | SMARD.de,0.09124054345893816,0.05814032924,0.12866118881,0.03182138777464447,1.163365,https://data-api.ecb.europa.eu/service/data/EXR/M.USD.EUR.SP00.A?format=csvdata&startPeriod=2023-01&endPeriod=2026-12,2026-08-04,high
NL,Netherlands,NL,constrained,2024-02,63.91093390804598,43.035,85.75,20.01325546677401,0,696,https://api.energy-charts.info/price?bzn=NL&start=2024-01-01&end=2024-12-31,CC BY 4.0 (creativecommons.org/licenses/by/4.0) from Bundesnetzagentur | SMARD.de,0.07435174362593391,0.050065412775,0.09975854875000001,0.023282720946103546,1.163365,https://data-api.ecb.europa.eu/service/data/EXR/M.USD.EUR.SP00.A?format=csvdata&startPeriod=2023-01&endPeriod=2026-12,2026-08-04,high
NL,Netherlands,NL,constrained,2024-03,63.37655913978495,28.793999999999997,92.22200000000001,26.635023037518646,17,744,https://api.energy-charts.info/price?bzn=NL&start=2024-01-01&end=2024-12-31,CC BY 4.0 (creativecommons.org/licenses/by/4.0) from Bundesnetzagentur | SMARD.de,0.07373007072365591,0.03349793181,0.10728784703000001,0.030986253576042882,1.163365,https://data-api.ecb.europa.eu/service/data/EXR/M.USD.EUR.SP00.A?format=csvdata&startPeriod=2023-01&endPeriod=2026-12,2026-08-04,high
NL,Netherlands,NL,constrained,2024-04,58.423291666666664,0.0,102.31400000000001,41.37169135048662,62,720,https://api.energy-charts.info/price?bzn=NL&start=2024-01-01&end=2024-12-31,CC BY 4.0 (creativecommons.org/licenses/by/4.0) from Bundesnetzagentur | SMARD.de,0.06796761270979167,0.0,0.11902852661,0.04813037770795887,1.163365,https://data-api.ecb.europa.eu/service/data/EXR/M.USD.EUR.SP00.A?format=csvdata&startPeriod=2023-01&endPeriod=2026-12,2026-08-04,high
NL,Netherlands,NL,constrained,2024-05,65.69962365591397,0.0,109.82400000000001,47.00082450945731,74,744,https://api.energy-charts.info/price?bzn=NL&start=2024-01-01&end=2024-12-31,CC BY 4.0 (creativecommons.org/licenses/by/4.0) from Bundesnetzagentur | SMARD.de,0.07643264267446236,0.0,0.12776539776,0.05467911420544481,1.163365,https://data-api.ecb.europa.eu/service/data/EXR/M.USD.EUR.SP00.A?format=csvdata&startPeriod=2023-01&endPeriod=2026-12,2026-08-04,high
NL,Netherlands,NL,constrained,2024-06,68.06193055555555,0.0,118.59200000000003,46.1545353186657,67,720,https://api.energy-charts.info/price?bzn=NL&start=2024-01-01&end=2024-12-31,CC BY 4.0 (creativecommons.org/licenses/by/4.0) from Bundesnetzagentur | SMARD.de,0.07918086784076388,0.0,0.13796578208000002,0.05369457098099952,1.163365,https://data-api.ecb.europa.eu/service/data/EXR/M.USD.EUR.SP00.A?format=csvdata&startPeriod=2023-01&endPeriod=2026-12,2026-08-04,high
NL,Netherlands,NL,constrained,2024-07,65.04440860215054,-0.21500000000000014,113.20300000000002,48.591198918129095,81,744,https://api.energy-charts.info/price?bzn=NL&start=2024-01-01&end=2024-12-31,CC BY 4.0 (creativecommons.org/licenses/by/4.0) from Bundesnetzagentur | SMARD.de,0.07567038841344086,-0.00025012347500000015,0.13169640809500002,0.056529300129389254,1.163365,https://data-api.ecb.europa.eu/service/data/EXR/M.USD.EUR.SP00.A?format=csvdata&startPeriod=2023-01&endPeriod=2026-12,2026-08-04,high
NL,Netherlands,NL,constrained,2024-08,77.09561827956989,-0.12200000000000018,124.944,50.15913002420849,80,744,https://api.energy-charts.info/price?bzn=NL&start=2024-01-01&end=2024-12-31,CC BY 4.0 (creativecommons.org/licenses/by/4.0) from Bundesnetzagentur | SMARD.de,0.08969034395981183,-0.0001419305300000002,0.14535547656,0.058353376300613304,1.163365,https://data-api.ecb.europa.eu/service/data/EXR/M.USD.EUR.SP00.A?format=csvdata&startPeriod=2023-01&endPeriod=2026-12,2026-08-04,high
NL,Netherlands,NL,constrained,2024-09,77.62361111111112,3.2640000000000002,124.90000000000002,46.896206960430604,33,720,https://api.energy-charts.info/price?bzn=NL&start=2024-01-01&end=2024-12-31,CC BY 4.0 (creativecommons.org/licenses/by/4.0) from Bundesnetzagentur | SMARD.de,0.09030459234027778,0.0037972233600000005,0.14530428850000002,0.05455740581052135,1.163365,https://data-api.ecb.europa.eu/service/data/EXR/M.USD.EUR.SP00.A?format=csvdata&startPeriod=2023-01&endPeriod=2026-12,2026-08-04,high
NL,Netherlands,NL,constrained,2024-10,87.80352150537634,34.993,130.95000000000002,40.578137079558644,18,744,https://api.energy-charts.info/price?bzn=NL&start=2024-01-01&end=2024-12-31,CC BY 4.0 (creativecommons.org/licenses/by/4.0) from Bundesnetzagentur | SMARD.de,0.10214754379610214,0.040709631445,0.15234264675000003,0.04720718444356074,1.163365,https://data-api.ecb.europa.eu/service/data/EXR/M.USD.EUR.SP00.A?format=csvdata&startPeriod=2023-01&endPeriod=2026-12,2026-08-04,high
NL,Netherlands,NL,constrained,2024-11,113.46841666666666,81.001,149.007,50.08301206625509,9,720,https://api.energy-charts.info/price?bzn=NL&start=2024-01-01&end=2024-12-31,CC BY 4.0 (creativecommons.org/licenses/by/4.0) from Bundesnetzagentur | SMARD.de,0.13200518455541665,0.094233728365,0.173349528555,0.058264823332458845,1.163365,https://data-api.ecb.europa.eu/service/data/EXR/M.USD.EUR.SP00.A?format=csvdata&startPeriod=2023-01&endPeriod=2026-12,2026-08-04,high
NL,Netherlands,NL,constrained,2024-12,107.9430376344086,32.448,155.35200000000003,81.97714291892999,4,744,https://api.energy-charts.info/price?bzn=NL&start=2024-01-01&end=2024-12-31,CC BY 4.0 (creativecommons.org/licenses/by/4.0) from Bundesnetzagentur | SMARD.de,0.12557715197755376,0.03774886752,0.18073107948000003,0.09536933887188098,1.163365,https://data-api.ecb.europa.eu/service/data/EXR/M.USD.EUR.SP00.A?format=csvdata&startPeriod=2023-01&endPeriod=2026-12,2026-08-04,high
NL,Netherlands,NL,constrained,2025-01,116.8175940860215,60.0,169.08200000000008,54.04908802446596,0,744,https://api.energy-charts.info/price?bzn=NL&start=2025-01-01&end=2025-12-31,CC BY 4.0 (creativecommons.org/licenses/by/4.0) from Bundesnetzagentur | SMARD.de,0.1359015003438844,0.0698019,0.19670408093000008,0.06287881728958285,1.163365,https://data-api.ecb.europa.eu/service/data/EXR/M.USD.EUR.SP00.A?format=csvdata&startPeriod=2023-01&endPeriod=2026-12,2026-08-04,high
NL,Netherlands,NL,constrained,2025-02,125.80940476190476,84.464,167.07,36.39931842440743,0,672,https://api.energy-charts.info/price?bzn=NL&start=2025-01-01&end=2025-12-31,CC BY 4.0 (creativecommons.org/licenses/by/4.0) from Bundesnetzagentur | SMARD.de,0.14636225817083331,0.09826246136,0.19436339055,0.04234569307881075,1.163365,https://data-api.ecb.europa.eu/service/data/EXR/M.USD.EUR.SP00.A?format=csvdata&startPeriod=2023-01&endPeriod=2026-12,2026-08-04,high
NL,Netherlands,NL,constrained,2025-03,91.6878629032258,5.622999999999997,142.40900000000002,47.08916562632643,52,744,https://api.energy-charts.info/price?bzn=NL&start=2025-01-01&end=2025-12-31,CC BY 4.0 (creativecommons.org/licenses/by/4.0) from Bundesnetzagentur | SMARD.de,0.1066664506264113,0.0065416013949999964,0.16567364628500003,0.054781887168871245,1.163365,https://data-api.ecb.europa.eu/service/data/EXR/M.USD.EUR.SP00.A?format=csvdata&startPeriod=2023-01&endPeriod=2026-12,2026-08-04,high
NL,Netherlands,NL,constrained,2025-04,74.82620833333334,-0.11499999999999971,126.06800000000001,50.73837469772041,84,720,https://api.energy-charts.info/price?bzn=NL&start=2025-01-01&end=2025-12-31,CC BY 4.0 (creativecommons.org/licenses/by/4.0) from Bundesnetzagentur | SMARD.de,0.08705019185770835,-0.00013378697499999968,0.14666309882,0.0590272492802135,1.163365,https://data-api.ecb.europa.eu/service/data/EXR/M.USD.EUR.SP00.A?format=csvdata&startPeriod=2023-01&endPeriod=2026-12,2026-08-04,high
NL,Netherlands,NL,constrained,2025-05,64.21145161290323,-3.0,123.34600000000002,58.46963921905801,145,744,https://api.energy-charts.info/price?bzn=NL&start=2025-01-01&end=2025-12-31,CC BY 4.0 (creativecommons.org/licenses/by/4.0) from Bundesnetzagentur | SMARD.de,0.07470135540564517,-0.0034900950000000003,0.14349641929,0.06802153183007943,1.163365,https://data-api.ecb.europa.eu/service/data/EXR/M.USD.EUR.SP00.A?format=csvdata&startPeriod=2023-01&endPeriod=2026-12,2026-08-04,high
NL,Netherlands,NL,constrained,2025-06,67.69533333333334,-2.0,121.779,53.025398799352,127,720,https://api.energy-charts.info/price?bzn=NL&start=2025-01-01&end=2025-12-31,CC BY 4.0 (creativecommons.org/licenses/by/4.0) from Bundesnetzagentur | SMARD.de,0.07875438146333333,-0.00232673,0.141673426335,0.06168789307420813,1.163365,https://data-api.ecb.europa.eu/service/data/EXR/M.USD.EUR.SP00.A?format=csvdata&startPeriod=2023-01&endPeriod=2026-12,2026-08-04,high
NL,Netherlands,NL,constrained,2025-07,87.52697580645162,33.616,119.9,42.277972012511036,12,744,https://api.energy-charts.info/price?bzn=NL&start=2025-01-01&end=2025-12-31,CC BY 4.0 (creativecommons.org/licenses/by/4.0) from Bundesnetzagentur | SMARD.de,0.10182582020907259,0.03910767784,0.13948746350000002,0.0491847129103349,1.163365,https://data-api.ecb.europa.eu/service/data/EXR/M.USD.EUR.SP00.A?format=csvdata&startPeriod=2023-01&endPeriod=2026-12,2026-08-04,high
NL,Netherlands,NL,constrained,2025-08,74.51841397849462,0.10199999999999988,113.26700000000001,43.474315344289984,57,744,https://api.energy-charts.info/price?bzn=NL&start=2025-01-01&end=2025-12-31,CC BY 4.0 (creativecommons.org/licenses/by/4.0) from Bundesnetzagentur | SMARD.de,0.0866921146780914,0.00011866322999999985,0.131770863455,0.05057649687050991,1.163365,https://data-api.ecb.europa.eu/service/data/EXR/M.USD.EUR.SP00.A?format=csvdata&startPeriod=2023-01&endPeriod=2026-12,2026-08-04,high
NL,Netherlands,NL,constrained,2025-09,77.67542708333333,0.0,124.31900000000002,53.082635869053895,61,720,https://api.energy-charts.info/price?bzn=NL&start=2025-01-01&end=2025-12-31,CC BY 4.0 (creativecommons.org/licenses/by/4.0) from Bundesnetzagentur | SMARD.de,0.09036487322880209,0.0,0.144628373435,0.061754480677801885,1.163365,https://data-api.ecb.europa.eu/service/data/EXR/M.USD.EUR.SP00.A?format=csvdata&startPeriod=2023-01&endPeriod=2026-12,2026-08-04,high
NL,Netherlands,NL,constrained,2025-10,82.28640793010753,4.225,125.81675000000007,48.810979562835094,46,744,https://api.energy-charts.info/price?bzn=NL&start=2025-01-01&end=2025-12-31,CC BY 4.0 (creativecommons.org/licenses/by/4.0) from Bundesnetzagentur | SMARD.de,0.09572912696160954,0.0049152171249999994,0.14637080336375008,0.056784985239117645,1.163365,https://data-api.ecb.europa.eu/service/data/EXR/M.USD.EUR.SP00.A?format=csvdata&startPeriod=2023-01&endPeriod=2026-12,2026-08-04,high
NL,Netherlands,NL,constrained,2025-11,93.78271874999999,65.1655,126.95325000000003,35.42769380362076,0,720,https://api.energy-charts.info/price?bzn=NL&start=2025-01-01&end=2025-12-31,CC BY 4.0 (creativecommons.org/licenses/by/4.0) from Bundesnetzagentur | SMARD.de,0.10910353259859373,0.0758112619075,0.14769296768625004,0.04121533900184927,1.163365,https://data-api.ecb.europa.eu/service/data/EXR/M.USD.EUR.SP00.A?format=csvdata&startPeriod=2023-01&endPeriod=2026-12,2026-08-04,high
NL,Netherlands,NL,constrained,2025-12,87.66838373655914,62.682,111.93475000000002,24.737777756255532,0,744,https://api.energy-charts.info/price?bzn=NL&start=2025-01-01&end=2025-12-31,CC BY 4.0 (creativecommons.org/licenses/by/4.0) from Bundesnetzagentur | SMARD.de,0.10199032924568212,0.07292204493,0.13022097043375,0.028779064819406217,1.163365,https://data-api.ecb.europa.eu/service/data/EXR/M.USD.EUR.SP00.A?format=csvdata&startPeriod=2023-01&endPeriod=2026-12,2026-08-04,high
NL,Netherlands,NL,constrained,2026-01,107.66213373655914,79.18249999999999,146.842,31.913957460057723,0,744,https://api.energy-charts.info/price?bzn=NL&start=2026-01-01&end=2026-12-31,CC BY 4.0 (creativecommons.org/licenses/by/4.0) from Bundesnetzagentur | SMARD.de,0.12525035821443212,0.09211814911249999,0.17083084333,0.03712758112052005,1.163365,https://data-api.ecb.europa.eu/service/data/EXR/M.USD.EUR.SP00.A?format=csvdata&startPeriod=2023-01&endPeriod=2026-12,2026-08-04,high
NL,Netherlands,NL,constrained,2026-02,92.94459449404762,62.88975,123.077,25.635775079526898,0,672,https://api.energy-charts.info/price?bzn=NL&start=2026-01-01&end=2026-12-31,CC BY 4.0 (creativecommons.org/licenses/by/4.0) from Bundesnetzagentur | SMARD.de,0.1081284881735677,0.07316373400875,0.14318347410499999,0.029823763475393807,1.163365,https://data-api.ecb.europa.eu/service/data/EXR/M.USD.EUR.SP00.A?format=csvdata&startPeriod=2023-01&endPeriod=2026-12,2026-08-04,high
NL,Netherlands,NL,constrained,2026-03,98.98120295698925,13.00875,157.50275000000002,52.02159804514592,20,744,https://api.energy-charts.info/price?bzn=NL&start=2026-01-01&end=2026-12-31,CC BY 4.0 (creativecommons.org/licenses/by/4.0) from Bundesnetzagentur | SMARD.de,0.11515126717805779,0.015133924443749999,0.18323318675375003,0.060520106409791184,1.163365,https://data-api.ecb.europa.eu/service/data/EXR/M.USD.EUR.SP00.A?format=csvdata&startPeriod=2023-01&endPeriod=2026-12,2026-08-04,high
NL,Netherlands,NL,constrained,2026-04,84.50253125,-3.039499999999998,144.70375,67.24691202606846,107,720,https://api.energy-charts.info/price?bzn=NL&start=2026-01-01&end=2026-12-31,CC BY 4.0 (creativecommons.org/licenses/by/4.0) from Bundesnetzagentur | SMARD.de,0.09830728726765625,-0.0035360479174999975,0.16834327811875002,0.07823270380920712,1.163365,https://data-api.ecb.europa.eu/service/data/EXR/M.USD.EUR.SP00.A?format=csvdata&startPeriod=2023-01&endPeriod=2026-12,2026-08-04,high
NL,Netherlands,NL,constrained,2026-05,94.98040994623656,0.0007499999999999929,150.14425,65.98357207950136,71,744,https://api.energy-charts.info/price?bzn=NL&start=2026-01-01&end=2026-12-31,CC BY 4.0 (creativecommons.org/licenses/by/4.0) from Bundesnetzagentur | SMARD.de,0.11049688461710351,8.725237499999916e-07,0.17467256540124998,0.0767629783322691,1.163365,https://data-api.ecb.europa.eu/service/data/EXR/M.USD.EUR.SP00.A?format=csvdata&startPeriod=2023-01&endPeriod=2026-12,2026-08-04,high
NL,Netherlands,NL,constrained,2026-06,110.1534826388889,5.065,168.40800000000002,84.71149504093457,50,720,https://api.energy-charts.info/price?bzn=NL&start=2026-01-01&end=2026-12-31,CC BY 4.0 (creativecommons.org/licenses/by/4.0) from Bundesnetzagentur | SMARD.de,0.128148706330191,0.005892443725000001,0.19591997292000002,0.09855038842829685,1.163365,https://data-api.ecb.europa.eu/service/data/EXR/M.USD.EUR.SP00.A?format=csvdata&startPeriod=2023-01&endPeriod=2026-12,2026-08-04,high
NL,Netherlands,NL,constrained,2026-07,105.88682123655914,0.9349999999999998,167.0395,60.40977109793257,59,744,https://api.energy-charts.info/price?bzn=NL&start=2026-01-01&end=2026-12-31,CC BY 4.0 (creativecommons.org/licenses/by/4.0) from Bundesnetzagentur | SMARD.de,0.12318502178786964,0.0010877462749999997,0.1943279079175,0.07027861335334633,1.163365,https://data-api.ecb.europa.eu/service/data/EXR/M.USD.EUR.SP00.A?format=csvdata&startPeriod=2023-01&endPeriod=2026-12,2026-08-04,high
NL,Netherlands,NL,constrained,2026-08,121.05638297872339,2.7750000000000004,178.40949999999998,60.869827075499494,6,94,https://api.energy-charts.info/price?bzn=NL&start=2026-01-01&end=2026-12-31,CC BY 4.0 (creativecommons.org/licenses/by/4.0) from Bundesnetzagentur | SMARD.de,0.14083275898404252,0.0032283378750000004,0.20755536796749996,0.07081382637568846,1.163365,https://data-api.ecb.europa.eu/service/data/EXR/M.USD.EUR.SP00.A?format=csvdata&startPeriod=2023-01&endPeriod=2026-12,2026-08-04,high
NO2,Norway NO2,NO,supply-rich,2022-12,119.32,119.32,119.32,,0,1,https://api.energy-charts.info/price?bzn=NO2&start=2023-01-01&end=2023-12-31,CC BY 4.0 (creativecommons.org/licenses/by/4.0) from Bundesnetzagentur | SMARD.de,0.1388127118,0.1388127118,0.1388127118,,1.163365,https://data-api.ecb.europa.eu/service/data/EXR/M.USD.EUR.SP00.A?format=csvdata&startPeriod=2023-01&endPeriod=2026-12,2026-08-04,high
NO2,Norway NO2,NO,supply-rich,2023-01,118.32952956989247,82.93599999999999,157.27,38.38243602661178,0,744,https://api.energy-charts.info/price?bzn=NO2&start=2023-01-01&end=2023-12-31,CC BY 4.0 (creativecommons.org/licenses/by/4.0) from Bundesnetzagentur | SMARD.de,0.13766043316807797,0.09648483963999999,0.18296241355,0.044652782688099205,1.163365,https://data-api.ecb.europa.eu/service/data/EXR/M.USD.EUR.SP00.A?format=csvdata&startPeriod=2023-01&endPeriod=2026-12,2026-08-04,high
NO2,Norway NO2,NO,supply-rich,2023-02,105.03681547619048,82.612,123.80299999999998,21.951285572350113,0,672,https://api.energy-charts.info/price?bzn=NO2&start=2023-01-01&end=2023-12-31,CC BY 4.0 (creativecommons.org/licenses/by/4.0) from Bundesnetzagentur | SMARD.de,0.12219615483645833,0.09610790938,0.14402807709499998,0.025537357339877085,1.163365,https://data-api.ecb.europa.eu/service/data/EXR/M.USD.EUR.SP00.A?format=csvdata&startPeriod=2023-01&endPeriod=2026-12,2026-08-04,high
NO2,Norway NO2,NO,supply-rich,2023-03,99.92959677419354,76.582,125.23900000000002,20.864917307892313,0,744,https://api.energy-charts.info/price?bzn=NO2&start=2023-01-01&end=2023-12-31,CC BY 4.0 (creativecommons.org/licenses/by/4.0) from Bundesnetzagentur | SMARD.de,0.11625459535120967,0.08909281843,0.14569866923500002,0.024273514523896138,1.163365,https://data-api.ecb.europa.eu/service/data/EXR/M.USD.EUR.SP00.A?format=csvdata&startPeriod=2023-01&endPeriod=2026-12,2026-08-04,high
NO2,Norway NO2,NO,supply-rich,2023-04,96.51733333333333,76.72,111.787,20.462792540451222,0,720,https://api.energy-charts.info/price?bzn=NO2&start=2023-01-01&end=2023-12-31,CC BY 4.0 (creativecommons.org/licenses/by/4.0) from Bundesnetzagentur | SMARD.de,0.11228488749333333,0.08925336279999999,0.130049083255,0.023805696643822035,1.163365,https://data-api.ecb.europa.eu/service/data/EXR/M.USD.EUR.SP00.A?format=csvdata&startPeriod=2023-01&endPeriod=2026-12,2026-08-04,high
NO2,Norway NO2,NO,supply-rich,2023-05,68.68569892473118,23.53099999999999,93.21100000000001,27.431650066155907,19,744,https://api.energy-charts.info/price?bzn=NO2&start=2023-01-01&end=2023-12-31,CC BY 4.0 (creativecommons.org/licenses/by/4.0) from Bundesnetzagentur | SMARD.de,0.0799065381295699,0.02737514181499999,0.10843841501500001,0.03191302157921347,1.163365,https://data-api.ecb.europa.eu/service/data/EXR/M.USD.EUR.SP00.A?format=csvdata&startPeriod=2023-01&endPeriod=2026-12,2026-08-04,high
NO2,Norway NO2,NO,supply-rich,2023-06,82.56305555555556,53.426,110.923,26.453809290486657,6,720,https://api.energy-charts.info/price?bzn=NO2&start=2023-01-01&end=2023-12-31,CC BY 4.0 (creativecommons.org/licenses/by/4.0) from Bundesnetzagentur | SMARD.de,0.0960509691263889,0.062153938490000005,0.12904393589500002,0.030775435845227007,1.163365,https://data-api.ecb.europa.eu/service/data/EXR/M.USD.EUR.SP00.A?format=csvdata&startPeriod=2023-01&endPeriod=2026-12,2026-08-04,high
NO2,Norway NO2,NO,supply-rich,2023-07,60.18076612903226,12.900999999999998,86.924,28.252507688060867,33,744,https://api.energy-charts.info/price?bzn=NO2&start=2023-01-01&end=2023-12-31,CC BY 4.0 (creativecommons.org/licenses/by/4.0) from Bundesnetzagentur | SMARD.de,0.07001219698770161,0.015008571864999997,0.10112433926,0.03286797860652093,1.163365,https://data-api.ecb.europa.eu/service/data/EXR/M.USD.EUR.SP00.A?format=csvdata&startPeriod=2023-01&endPeriod=2026-12,2026-08-04,high
NO2,Norway NO2,NO,supply-rich,2023-08,63.728212365591396,14.209,85.31099999999999,25.64056802866042,34,744,https://api.energy-charts.info/price?bzn=NO2&start=2023-01-01&end=2023-12-31,CC BY 4.0 (creativecommons.org/licenses/by/4.0) from Bundesnetzagentur | SMARD.de,0.07413917177869624,0.016530253285,0.09924783151499998,0.02982933942466253,1.163365,https://data-api.ecb.europa.eu/service/data/EXR/M.USD.EUR.SP00.A?format=csvdata&startPeriod=2023-01&endPeriod=2026-12,2026-08-04,high
NO2,Norway NO2,NO,supply-rich,2023-09,50.11866666666667,0.4180000000000007,79.503,29.626582031900092,42,720,https://api.energy-charts.info/price?bzn=NO2&start=2023-01-01&end=2023-12-31,CC BY 4.0 (creativecommons.org/licenses/by/4.0) from Bundesnetzagentur | SMARD.de,0.058306302646666676,0.0004862865700000008,0.092491007595,0.03446652860554145,1.163365,https://data-api.ecb.europa.eu/service/data/EXR/M.USD.EUR.SP00.A?format=csvdata&startPeriod=2023-01&endPeriod=2026-12,2026-08-04,high
NO2,Norway NO2,NO,supply-rich,2023-10,43.31706989247312,1.6639999999999997,72.67000000000002,30.214571471767815,40,744,https://api.energy-charts.info/price?bzn=NO2&start=2023-01-01&end=2023-12-31,CC BY 4.0 (creativecommons.org/licenses/by/4.0) from Bundesnetzagentur | SMARD.de,0.05039356301545699,0.0019358393599999996,0.08454173455000001,0.035150574940253164,1.163365,https://data-api.ecb.europa.eu/service/data/EXR/M.USD.EUR.SP00.A?format=csvdata&startPeriod=2023-01&endPeriod=2026-12,2026-08-04,high
NO2,Norway NO2,NO,supply-rich,2023-11,88.85556944444444,49.992,132.61800000000002,35.065164228525646,0,720,https://api.energy-charts.info/price?bzn=NO2&start=2023-01-01&end=2023-12-31,CC BY 4.0 (creativecommons.org/licenses/by/4.0) from Bundesnetzagentur | SMARD.de,0.1033714595467361,0.05815894307999999,0.15428313957000003,0.04079358478271874,1.163365,https://data-api.ecb.europa.eu/service/data/EXR/M.USD.EUR.SP00.A?format=csvdata&startPeriod=2023-01&endPeriod=2026-12,2026-08-04,high
NO2,Norway NO2,NO,supply-rich,2023-12,78.49426075268818,44.1,124.78200000000001,33.96536274219915,0,744,https://api.energy-charts.info/price?bzn=NO2&start=2023-01-01&end=2023-12-31,CC BY 4.0 (creativecommons.org/licenses/by/4.0) from Bundesnetzagentur | SMARD.de,0.09131747566055108,0.0513043965,0.14516701143,0.039514114226578516,1.163365,https://data-api.ecb.europa.eu/service/data/EXR/M.USD.EUR.SP00.A?format=csvdata&startPeriod=2023-01&endPeriod=2026-12,2026-08-04,high
NO2,Norway NO2,NO,supply-rich,2024-01,76.05729838709676,52.275,107.891,23.85340360097387,0,744,https://api.energy-charts.info/price?bzn=NO2&start=2024-01-01&end=2024-12-31,CC BY 4.0 (creativecommons.org/licenses/by/4.0) from Bundesnetzagentur | SMARD.de,0.08848239893810482,0.06081490537499999,0.12551661321500002,0.027750214880246964,1.163365,https://data-api.ecb.europa.eu/service/data/EXR/M.USD.EUR.SP00.A?format=csvdata&startPeriod=2023-01&endPeriod=2026-12,2026-08-04,high
NO2,Norway NO2,NO,supply-rich,2024-02,58.45435344827587,46.095,76.66,15.123113935990082,0,696,https://api.energy-charts.info/price?bzn=NO2&start=2024-01-01&end=2024-12-31,CC BY 4.0 (creativecommons.org/licenses/by/4.0) from Bundesnetzagentur | SMARD.de,0.06800374889935346,0.053625309674999996,0.08918356089999999,0.0175937014441431,1.163365,https://data-api.ecb.europa.eu/service/data/EXR/M.USD.EUR.SP00.A?format=csvdata&startPeriod=2023-01&endPeriod=2026-12,2026-08-04,high
NO2,Norway NO2,NO,supply-rich,2024-03,58.721801075268814,46.313,72.908,15.25141146906962,0,744,https://api.energy-charts.info/price?bzn=NO2&start=2024-01-01&end=2024-12-31,CC BY 4.0 (creativecommons.org/licenses/by/4.0) from Bundesnetzagentur | SMARD.de,0.0683148881079301,0.053878923245,0.08481861542000001,0.01774295830371418,1.163365,https://data-api.ecb.europa.eu/service/data/EXR/M.USD.EUR.SP00.A?format=csvdata&startPeriod=2023-01&endPeriod=2026-12,2026-08-04,high
NO2,Norway NO2,NO,supply-rich,2024-04,51.088375,17.414000000000005,72.0,23.280686928541023,16,720,https://api.energy-charts.info/price?bzn=NO2&start=2024-01-01&end=2024-12-31,CC BY 4.0 (creativecommons.org/licenses/by/4.0) from Bundesnetzagentur | SMARD.de,0.059434427381874995,0.020258838110000007,0.08376228000000001,0.027083936348622127,1.163365,https://data-api.ecb.europa.eu/service/data/EXR/M.USD.EUR.SP00.A?format=csvdata&startPeriod=2023-01&endPeriod=2026-12,2026-08-04,high
NO2,Norway NO2,NO,supply-rich,2024-05,41.537311827956984,3.312,64.86000000000001,22.709255458454145,38,744,https://api.energy-charts.info/price?bzn=NO2&start=2024-01-01&end=2024-12-31,CC BY 4.0 (creativecommons.org/licenses/by/4.0) from Bundesnetzagentur | SMARD.de,0.04832305477473118,0.0038530648799999997,0.07545585390000001,0.026419152976424505,1.163365,https://data-api.ecb.europa.eu/service/data/EXR/M.USD.EUR.SP00.A?format=csvdata&startPeriod=2023-01&endPeriod=2026-12,2026-08-04,high
NO2,Norway NO2,NO,supply-rich,2024-06,41.94554166666667,3.616000000000004,60.925,25.77445117213876,38,720,https://api.energy-charts.info/price?bzn=NO2&start=2024-01-01&end=2024-12-31,CC BY 4.0 (creativecommons.org/licenses/by/4.0) from Bundesnetzagentur | SMARD.de,0.048797975081041674,0.004206727840000005,0.070878012625,0.029985094387875208,1.163365,https://data-api.ecb.europa.eu/service/data/EXR/M.USD.EUR.SP00.A?format=csvdata&startPeriod=2023-01&endPeriod=2026-12,2026-08-04,high
NO2,Norway NO2,NO,supply-rich,2024-07,34.69702956989247,3.7419999999999987,48.68400000000001,17.734781178216775,48,744,https://api.energy-charts.info/price?bzn=NO2&start=2024-01-01&end=2024-12-31,CC BY 4.0 (creativecommons.org/licenses/by/4.0) from Bundesnetzagentur | SMARD.de,0.04036530980557796,0.004353311829999998,0.056637261660000014,0.020632023705396157,1.163365,https://data-api.ecb.europa.eu/service/data/EXR/M.USD.EUR.SP00.A?format=csvdata&startPeriod=2023-01&endPeriod=2026-12,2026-08-04,high
NO2,Norway NO2,NO,supply-rich,2024-08,40.39834677419355,3.267999999999998,59.54700000000001,21.88910186461468,48,744,https://api.energy-charts.info/price?bzn=NO2&start=2024-01-01&end=2024-12-31,CC BY 4.0 (creativecommons.org/licenses/by/4.0) from Bundesnetzagentur | SMARD.de,0.04699802269495968,0.0038018768199999976,0.06927489565500002,0.025465014990727456,1.163365,https://data-api.ecb.europa.eu/service/data/EXR/M.USD.EUR.SP00.A?format=csvdata&startPeriod=2023-01&endPeriod=2026-12,2026-08-04,high
NO2,Norway NO2,NO,supply-rich,2024-09,38.072,14.567000000000002,52.60900000000001,15.746028932680712,5,720,https://api.energy-charts.info/price?bzn=NO2&start=2024-01-01&end=2024-12-31,CC BY 4.0 (creativecommons.org/licenses/by/4.0) from Bundesnetzagentur | SMARD.de,0.04429163228,0.016946737955000003,0.06120346928500001,0.018318378949268098,1.163365,https://data-api.ecb.europa.eu/service/data/EXR/M.USD.EUR.SP00.A?format=csvdata&startPeriod=2023-01&endPeriod=2026-12,2026-08-04,high
NO2,Norway NO2,NO,supply-rich,2024-10,41.78030913978495,27.853999999999996,49.93,17.068727594079338,13,744,https://api.energy-charts.info/price?bzn=NO2&start=2024-01-01&end=2024-12-31,CC BY 4.0 (creativecommons.org/licenses/by/4.0) from Bundesnetzagentur | SMARD.de,0.04860574934240591,0.03240436870999999,0.058086814449999996,0.01985716027748611,1.163365,https://data-api.ecb.europa.eu/service/data/EXR/M.USD.EUR.SP00.A?format=csvdata&startPeriod=2023-01&endPeriod=2026-12,2026-08-04,high
NO2,Norway NO2,NO,supply-rich,2024-11,55.33072222222223,33.096000000000004,108.02000000000001,31.188710432598235,0,720,https://api.energy-charts.info/price?bzn=NO2&start=2024-01-01&end=2024-12-31,CC BY 4.0 (creativecommons.org/licenses/by/4.0) from Bundesnetzagentur | SMARD.de,0.06436982565805556,0.03850272804,0.1256666873,0.03628385411241965,1.163365,https://data-api.ecb.europa.eu/service/data/EXR/M.USD.EUR.SP00.A?format=csvdata&startPeriod=2023-01&endPeriod=2026-12,2026-08-04,high
NO2,Norway NO2,NO,supply-rich,2024-12,63.48369623655914,23.59,125.13100000000003,84.449802715269,0,744,https://api.energy-charts.info/price?bzn=NO2&start=2024-01-01&end=2024-12-31,CC BY 4.0 (creativecommons.org/licenses/by/4.0) from Bundesnetzagentur | SMARD.de,0.07385471027224462,0.027443780350000002,0.14557302581500003,0.09824594473584893,1.163365,https://data-api.ecb.europa.eu/service/data/EXR/M.USD.EUR.SP00.A?format=csvdata&startPeriod=2023-01&endPeriod=2026-12,2026-08-04,high
NO2,Norway NO2,NO,supply-rich,2025-01,66.20727150537634,30.868000000000002,133.528,52.65282698184933,0,744,https://api.energy-charts.info/price?bzn=NO2&start=2025-01-01&end=2025-12-31,CC BY 4.0 (creativecommons.org/licenses/by/4.0) from Bundesnetzagentur | SMARD.de,0.07702322241485214,0.035910750820000004,0.15534180171999998,0.06125445606173915,1.163365,https://data-api.ecb.europa.eu/service/data/EXR/M.USD.EUR.SP00.A?format=csvdata&startPeriod=2023-01&endPeriod=2026-12,2026-08-04,high
NO2,Norway NO2,NO,supply-rich,2025-02,97.17559498956159,50.418,158.83,42.8277943421348,0,479,https://api.energy-charts.info/price?bzn=NO2&start=2025-01-01&end=2025-12-31,CC BY 4.0 (creativecommons.org/licenses/by/4.0) from Bundesnetzagentur | SMARD.de,0.11305068606503131,0.05865453657,0.18477726295000002,0.049824356964837654,1.163365,https://data-api.ecb.europa.eu/service/data/EXR/M.USD.EUR.SP00.A?format=csvdata&startPeriod=2023-01&endPeriod=2026-12,2026-08-04,high
NO2,Norway NO2,NO,supply-rich,2025-05,68.43854166666667,43.542,85.7,17.98567432171331,0,48,https://api.energy-charts.info/price?bzn=NO2&start=2025-01-01&end=2025-12-31,CC BY 4.0 (creativecommons.org/licenses/by/4.0) from Bundesnetzagentur | SMARD.de,0.07961900402604166,0.050655238830000004,0.0997003805,0.020923904007280007,1.163365,https://data-api.ecb.europa.eu/service/data/EXR/M.USD.EUR.SP00.A?format=csvdata&startPeriod=2023-01&endPeriod=2026-12,2026-08-04,high
NO2,Norway NO2,NO,supply-rich,2025-09,65.18125,64.50425,65.85825,1.1967782271582437,0,2,https://api.energy-charts.info/price?bzn=NO2&start=2025-01-01&end=2025-12-31,CC BY 4.0 (creativecommons.org/licenses/by/4.0) from Bundesnetzagentur | SMARD.de,0.07582958490625001,0.07504198680125,0.07661718301124999,0.00139228990223795,1.163365,https://data-api.ecb.europa.eu/service/data/EXR/M.USD.EUR.SP00.A?format=csvdata&startPeriod=2023-01&endPeriod=2026-12,2026-08-04,high
NO2,Norway NO2,NO,supply-rich,2025-10,59.47433803763441,14.456499999999998,78.40575000000001,25.377620858101377,7,744,https://api.energy-charts.info/price?bzn=NO2&start=2025-01-01&end=2025-12-31,CC BY 4.0 (creativecommons.org/licenses/by/4.0) from Bundesnetzagentur | SMARD.de,0.06919036327115255,0.0168181861225,0.09121450534875,0.029523435889585108,1.163365,https://data-api.ecb.europa.eu/service/data/EXR/M.USD.EUR.SP00.A?format=csvdata&startPeriod=2023-01&endPeriod=2026-12,2026-08-04,high
NO2,Norway NO2,NO,supply-rich,2025-11,80.05444444444444,56.33875,115.54325000000001,38.11565706360722,0,720,https://api.energy-charts.info/price?bzn=NO2&start=2025-01-01&end=2025-12-31,CC BY 4.0 (creativecommons.org/licenses/by/4.0) from Bundesnetzagentur | SMARD.de,0.0931325387611111,0.06554252989375,0.13441897303625,0.04434242137980342,1.163365,https://data-api.ecb.europa.eu/service/data/EXR/M.USD.EUR.SP00.A?format=csvdata&startPeriod=2023-01&endPeriod=2026-12,2026-08-04,high
NO2,Norway NO2,NO,supply-rich,2025-12,69.83380712365592,54.918,85.03650000000003,16.28664575223451,0,744,https://api.energy-charts.info/price?bzn=NO2&start=2025-01-01&end=2025-12-31,CC BY 4.0 (creativecommons.org/licenses/by/4.0) from Bundesnetzagentur | SMARD.de,0.08124220702441197,0.06388967907,0.09892848782250004,0.018947313635548302,1.163365,https://data-api.ecb.europa.eu/service/data/EXR/M.USD.EUR.SP00.A?format=csvdata&startPeriod=2023-01&endPeriod=2026-12,2026-08-04,high
NO2,Norway NO2,NO,supply-rich,2026-01,105.32520161290323,79.106,138.91575,29.182167998301658,0,744,https://api.energy-charts.info/price?bzn=NO2&start=2026-01-01&end=2026-12-31,CC BY 4.0 (creativecommons.org/licenses/by/4.0) from Bundesnetzagentur | SMARD.de,0.12253165317439516,0.09202915168999999,0.16160972149875,0.033949512873344204,1.163365,https://data-api.ecb.europa.eu/service/data/EXR/M.USD.EUR.SP00.A?format=csvdata&startPeriod=2023-01&endPeriod=2026-12,2026-08-04,high
NO2,Norway NO2,NO,supply-rich,2026-02,100.61698660714286,81.209,122.94875,17.79553306931636,0,672,https://api.energy-charts.info/price?bzn=NO2&start=2026-01-01&end=2026-12-31,CC BY 4.0 (creativecommons.org/licenses/by/4.0) from Bundesnetzagentur | SMARD.de,0.11705428062421874,0.094475708285,0.14303427254375,0.020702700329185225,1.163365,https://data-api.ecb.europa.eu/service/data/EXR/M.USD.EUR.SP00.A?format=csvdata&startPeriod=2023-01&endPeriod=2026-12,2026-08-04,high
NO2,Norway NO2,NO,supply-rich,2026-03,104.03219422043011,73.88624999999999,126.774,23.67253113665986,0,744,https://api.energy-charts.info/price?bzn=NO2&start=2026-01-01&end=2026-12-31,CC BY 4.0 (creativecommons.org/licenses/by/4.0) from Bundesnetzagentur | SMARD.de,0.12102741362925068,0.08595667723124999,0.14748443451,0.027539794185800298,1.163365,https://data-api.ecb.europa.eu/service/data/EXR/M.USD.EUR.SP00.A?format=csvdata&startPeriod=2023-01&endPeriod=2026-12,2026-08-04,high
NO2,Norway NO2,NO,supply-rich,2026-04,93.29501388888889,40.583000000000006,121.78875000000001,31.213525795617624,0,720,https://api.energy-charts.info/price?bzn=NO2&start=2026-01-01&end=2026-12-31,CC BY 4.0 (creativecommons.org/licenses/by/4.0) from Bundesnetzagentur | SMARD.de,0.10853615383284722,0.047212841795,0.14168476914375,0.03631272343721869,1.163365,https://data-api.ecb.europa.eu/service/data/EXR/M.USD.EUR.SP00.A?format=csvdata&startPeriod=2023-01&endPeriod=2026-12,2026-08-04,high
NO2,Norway NO2,NO,supply-rich,2026-05,100.33303427419354,37.9515,132.54225,37.183247247697636,10,744,https://api.energy-charts.info/price?bzn=NO2&start=2026-01-01&end=2026-12-31,CC BY 4.0 (creativecommons.org/licenses/by/4.0) from Bundesnetzagentur | SMARD.de,0.11672394041839716,0.0441514467975,0.15419501467125,0.04325768843431776,1.163365,https://data-api.ecb.europa.eu/service/data/EXR/M.USD.EUR.SP00.A?format=csvdata&startPeriod=2023-01&endPeriod=2026-12,2026-08-04,high
NO2,Norway NO2,NO,supply-rich,2026-06,95.63929513888888,22.656500000000005,134.4095,44.682393723528804,20,720,https://api.energy-charts.info/price?bzn=NO2&start=2026-01-01&end=2026-12-31,CC BY 4.0 (creativecommons.org/licenses/by/4.0) from Bundesnetzagentur | SMARD.de,0.11126340858925346,0.026357779122500005,0.1563673079675,0.051981932974173084,1.163365,https://data-api.ecb.europa.eu/service/data/EXR/M.USD.EUR.SP00.A?format=csvdata&startPeriod=2023-01&endPeriod=2026-12,2026-08-04,high
NO2,Norway NO2,NO,supply-rich,2026-07,103.9010248655914,47.44025,140.30825,37.65753402922051,14,744,https://api.energy-charts.info/price?bzn=NO2&start=2026-01-01&end=2026-12-31,CC BY 4.0 (creativecommons.org/licenses/by/4.0) from Bundesnetzagentur | SMARD.de,0.12087481579275874,0.05519032644125,0.16322970726125,0.04380945707590411,1.163365,https://data-api.ecb.europa.eu/service/data/EXR/M.USD.EUR.SP00.A?format=csvdata&startPeriod=2023-01&endPeriod=2026-12,2026-08-04,high
NO2,Norway NO2,NO,supply-rich,2026-08,116.54396276595745,37.90575000000002,148.80474999999998,43.67498700446283,0,94,https://api.energy-charts.info/price?bzn=NO2&start=2026-01-01&end=2026-12-31,CC BY 4.0 (creativecommons.org/licenses/by/4.0) from Bundesnetzagentur | SMARD.de,0.13558316724321806,0.04409822284875002,0.17311423798374997,0.05080995125644689,1.163365,https://data-api.ecb.europa.eu/service/data/EXR/M.USD.EUR.SP00.A?format=csvdata&startPeriod=2023-01&endPeriod=2026-12,2026-08-04,high
SE4,Sweden SE4,SE,supply-rich,2022-12,2.01,2.01,2.01,,0,1,https://api.energy-charts.info/price?bzn=SE4&start=2023-01-01&end=2023-12-31,CC BY 4.0 (creativecommons.org/licenses/by/4.0) from Bundesnetzagentur | SMARD.de,0.00233836365,0.00233836365,0.00233836365,,1.163365,https://data-api.ecb.europa.eu/service/data/EXR/M.USD.EUR.SP00.A?format=csvdata&startPeriod=2023-01&endPeriod=2026-12,2026-08-04,high
SE4,Sweden SE4,SE,supply-rich,2023-01,93.4404435483871,26.083,174.67700000000002,58.394933273100726,0,744,https://api.energy-charts.info/price?bzn=SE4&start=2023-01-01&end=2023-12-31,CC BY 4.0 (creativecommons.org/licenses/by/4.0) from Bundesnetzagentur | SMARD.de,0.10870534160866935,0.030344049294999998,0.20321310810500004,0.06793462154726083,1.163365,https://data-api.ecb.europa.eu/service/data/EXR/M.USD.EUR.SP00.A?format=csvdata&startPeriod=2023-01&endPeriod=2026-12,2026-08-04,high
SE4,Sweden SE4,SE,supply-rich,2023-02,91.72272321428571,25.518,167.134,53.17559533909275,0,672,https://api.energy-charts.info/price?bzn=SE4&start=2023-01-01&end=2023-12-31,CC BY 4.0 (creativecommons.org/licenses/by/4.0) from Bundesnetzagentur | SMARD.de,0.1067070058921875,0.02968674807,0.19443784591,0.061862626471663636,1.163365,https://data-api.ecb.europa.eu/service/data/EXR/M.USD.EUR.SP00.A?format=csvdata&startPeriod=2023-01&endPeriod=2026-12,2026-08-04,high
SE4,Sweden SE4,SE,supply-rich,2023-03,81.70979838709677,29.636,141.29000000000002,43.93950281348563,0,744,https://api.energy-charts.info/price?bzn=SE4&start=2023-01-01&end=2023-12-31,CC BY 4.0 (creativecommons.org/licenses/by/4.0) from Bundesnetzagentur | SMARD.de,0.09505831960060483,0.03447748514,0.16437184085,0.051117679690610714,1.163365,https://data-api.ecb.europa.eu/service/data/EXR/M.USD.EUR.SP00.A?format=csvdata&startPeriod=2023-01&endPeriod=2026-12,2026-08-04,high
SE4,Sweden SE4,SE,supply-rich,2023-04,65.14193055555556,27.129,115.64000000000001,36.83498755570348,2,720,https://api.energy-charts.info/price?bzn=SE4&start=2023-01-01&end=2023-12-31,CC BY 4.0 (creativecommons.org/licenses/by/4.0) from Bundesnetzagentur | SMARD.de,0.0757838420407639,0.031560929085,0.1345315286,0.042852535297740975,1.163365,https://data-api.ecb.europa.eu/service/data/EXR/M.USD.EUR.SP00.A?format=csvdata&startPeriod=2023-01&endPeriod=2026-12,2026-08-04,high
SE4,Sweden SE4,SE,supply-rich,2023-05,64.74735215053764,2.2230000000000003,110.667,38.78223675685887,31,744,https://api.energy-charts.info/price?bzn=SE4&start=2023-01-01&end=2023-12-31,CC BY 4.0 (creativecommons.org/licenses/by/4.0) from Bundesnetzagentur | SMARD.de,0.07532480333461022,0.0025861603950000003,0.128746114455,0.04511789686464312,1.163365,https://data-api.ecb.europa.eu/service/data/EXR/M.USD.EUR.SP00.A?format=csvdata&startPeriod=2023-01&endPeriod=2026-12,2026-08-04,high
SE4,Sweden SE4,SE,supply-rich,2023-06,88.552125,31.901000000000003,135.379,38.465664812527905,6,720,https://api.energy-charts.info/price?bzn=SE4&start=2023-01-01&end=2023-12-31,CC BY 4.0 (creativecommons.org/licenses/by/4.0) from Bundesnetzagentur | SMARD.de,0.103018442900625,0.037112506865,0.15749519033499998,0.04474960814462653,1.163365,https://data-api.ecb.europa.eu/service/data/EXR/M.USD.EUR.SP00.A?format=csvdata&startPeriod=2023-01&endPeriod=2026-12,2026-08-04,high
SE4,Sweden SE4,SE,supply-rich,2023-07,35.66022849462365,3.3499999999999996,64.264,26.6145427984969,32,744,https://api.energy-charts.info/price?bzn=SE4&start=2023-01-01&end=2023-12-31,CC BY 4.0 (creativecommons.org/licenses/by/4.0) from Bundesnetzagentur | SMARD.de,0.04148586172264785,0.0038972727499999994,0.07476248835999999,0.030962427582773344,1.163365,https://data-api.ecb.europa.eu/service/data/EXR/M.USD.EUR.SP00.A?format=csvdata&startPeriod=2023-01&endPeriod=2026-12,2026-08-04,high
SE4,Sweden SE4,SE,supply-rich,2023-08,41.763440860215056,4.468999999999999,116.92800000000003,46.460435478593645,45,744,https://api.energy-charts.info/price?bzn=SE4&start=2023-01-01&end=2023-12-31,CC BY 4.0 (creativecommons.org/licenses/by/4.0) from Bundesnetzagentur | SMARD.de,0.04858612537634409,0.005199078184999999,0.13602994272000005,0.054050444520554096,1.163365,https://data-api.ecb.europa.eu/service/data/EXR/M.USD.EUR.SP00.A?format=csvdata&startPeriod=2023-01&endPeriod=2026-12,2026-08-04,high
SE4,Sweden SE4,SE,supply-rich,2023-09,43.13422222222222,-0.3629999999999998,124.96199999999999,55.59015001607816,102,720,https://api.energy-charts.info/price?bzn=SE4&start=2023-01-01&end=2023-12-31,CC BY 4.0 (creativecommons.org/licenses/by/4.0) from Bundesnetzagentur | SMARD.de,0.05018084443555555,-0.0004223014949999998,0.14537641713,0.06467163487345476,1.163365,https://data-api.ecb.europa.eu/service/data/EXR/M.USD.EUR.SP00.A?format=csvdata&startPeriod=2023-01&endPeriod=2026-12,2026-08-04,high
SE4,Sweden SE4,SE,supply-rich,2023-10,30.797983870967744,-2.03,99.41300000000001,42.55213560623196,143,744,https://api.energy-charts.info/price?bzn=SE4&start=2023-01-01&end=2023-12-31,CC BY 4.0 (creativecommons.org/licenses/by/4.0) from Bundesnetzagentur | SMARD.de,0.03582929650604839,-0.00236163095,0.11565360474500001,0.04950366523954404,1.163365,https://data-api.ecb.europa.eu/service/data/EXR/M.USD.EUR.SP00.A?format=csvdata&startPeriod=2023-01&endPeriod=2026-12,2026-08-04,high
SE4,Sweden SE4,SE,supply-rich,2023-11,73.688875,16.937,136.085,48.879474424467475,0,720,https://api.energy-charts.info/price?bzn=SE4&start=2023-01-01&end=2023-12-31,CC BY 4.0 (creativecommons.org/licenses/by/4.0) from Bundesnetzagentur | SMARD.de,0.085727058064375,0.019703913005,0.15831652602500002,0.056864669763820604,1.163365,https://data-api.ecb.europa.eu/service/data/EXR/M.USD.EUR.SP00.A?format=csvdata&startPeriod=2023-01&endPeriod=2026-12,2026-08-04,high
SE4,Sweden SE4,SE,supply-rich,2023-12,71.18100806451612,15.399,143.37900000000002,51.76708952801789,7,744,https://api.energy-charts.info/price?bzn=SE4&start=2023-01-01&end=2023-12-31,CC BY 4.0 (creativecommons.org/licenses/by/4.0) from Bundesnetzagentur | SMARD.de,0.08280949344697579,0.017914657634999998,0.166802110335,0.06022402010876253,1.163365,https://data-api.ecb.europa.eu/service/data/EXR/M.USD.EUR.SP00.A?format=csvdata&startPeriod=2023-01&endPeriod=2026-12,2026-08-04,high
SE4,Sweden SE4,SE,supply-rich,2024-01,74.50797043010753,21.006,118.237,47.70331918379696,12,744,https://api.energy-charts.info/price?bzn=SE4&start=2024-01-01&end=2024-12-31,CC BY 4.0 (creativecommons.org/licenses/by/4.0) from Bundesnetzagentur | SMARD.de,0.08667996501942206,0.024437645190000003,0.137552787505,0.05549637192225794,1.163365,https://data-api.ecb.europa.eu/service/data/EXR/M.USD.EUR.SP00.A?format=csvdata&startPeriod=2023-01&endPeriod=2026-12,2026-08-04,high
SE4,Sweden SE4,SE,supply-rich,2024-02,49.247112068965514,3.965,80.71000000000001,28.07187333198977,28,696,https://api.energy-charts.info/price?bzn=SE4&start=2024-01-01&end=2024-12-31,CC BY 4.0 (creativecommons.org/licenses/by/4.0) from Bundesnetzagentur | SMARD.de,0.05729236653211206,0.004612742225,0.09389518915,0.03265783491887028,1.163365,https://data-api.ecb.europa.eu/service/data/EXR/M.USD.EUR.SP00.A?format=csvdata&startPeriod=2023-01&endPeriod=2026-12,2026-08-04,high
SE4,Sweden SE4,SE,supply-rich,2024-03,56.07099462365591,29.160999999999998,84.97400000000002,24.141178991526353,5,744,https://api.energy-charts.info/price?bzn=SE4&start=2024-01-01&end=2024-12-31,CC BY 4.0 (creativecommons.org/licenses/by/4.0) from Bundesnetzagentur | SMARD.de,0.06523103266034945,0.033924886764999995,0.09885577751000002,0.028085002697477057,1.163365,https://data-api.ecb.europa.eu/service/data/EXR/M.USD.EUR.SP00.A?format=csvdata&startPeriod=2023-01&endPeriod=2026-12,2026-08-04,high
SE4,Sweden SE4,SE,supply-rich,2024-04,53.7795,0.25900000000000006,99.176,39.258419548576015,53,720,https://api.energy-charts.info/price?bzn=SE4&start=2024-01-01&end=2024-12-31,CC BY 4.0 (creativecommons.org/licenses/by/4.0) from Bundesnetzagentur | SMARD.de,0.0625651880175,0.0003013115350000001,0.11537788724,0.04567187125812914,1.163365,https://data-api.ecb.europa.eu/service/data/EXR/M.USD.EUR.SP00.A?format=csvdata&startPeriod=2023-01&endPeriod=2026-12,2026-08-04,high
SE4,Sweden SE4,SE,supply-rich,2024-05,43.66830645161291,0.0,104.928,42.36938919950108,73,744,https://api.energy-charts.info/price?bzn=SE4&start=2024-01-01&end=2024-12-31,CC BY 4.0 (creativecommons.org/licenses/by/4.0) from Bundesnetzagentur | SMARD.de,0.05080217933508065,0.0,0.12206956272,0.049291064466077575,1.163365,https://data-api.ecb.europa.eu/service/data/EXR/M.USD.EUR.SP00.A?format=csvdata&startPeriod=2023-01&endPeriod=2026-12,2026-08-04,high
SE4,Sweden SE4,SE,supply-rich,2024-06,55.463458333333335,1.19,114.892,45.81520307049257,42,720,https://api.energy-charts.info/price?bzn=SE4&start=2024-01-01&end=2024-12-31,CC BY 4.0 (creativecommons.org/licenses/by/4.0) from Bundesnetzagentur | SMARD.de,0.06452424620395834,0.0013844043499999998,0.13366133158,0.05329980372010359,1.163365,https://data-api.ecb.europa.eu/service/data/EXR/M.USD.EUR.SP00.A?format=csvdata&startPeriod=2023-01&endPeriod=2026-12,2026-08-04,high
SE4,Sweden SE4,SE,supply-rich,2024-07,37.44654569892473,0.11499999999999927,99.14100000000002,39.319993240102136,66,744,https://api.energy-charts.info/price?bzn=SE4&start=2024-01-01&end=2024-12-31,CC BY 4.0 (creativecommons.org/licenses/by/4.0) from Bundesnetzagentur | SMARD.de,0.04356400063702957,0.00013378697499999914,0.11533716946500001,0.045743503935771423,1.163365,https://data-api.ecb.europa.eu/service/data/EXR/M.USD.EUR.SP00.A?format=csvdata&startPeriod=2023-01&endPeriod=2026-12,2026-08-04,high
SE4,Sweden SE4,SE,supply-rich,2024-08,39.939301075268816,-0.9910000000000001,113.74400000000003,52.51985074736649,146,744,https://api.energy-charts.info/price?bzn=SE4&start=2024-01-01&end=2024-12-31,CC BY 4.0 (creativecommons.org/licenses/by/4.0) from Bundesnetzagentur | SMARD.de,0.0464639849954301,-0.0011528947150000002,0.13232578856000005,0.061099756164710015,1.163365,https://data-api.ecb.europa.eu/service/data/EXR/M.USD.EUR.SP00.A?format=csvdata&startPeriod=2023-01&endPeriod=2026-12,2026-08-04,high
SE4,Sweden SE4,SE,supply-rich,2024-09,27.008055555555554,1.3210000000000006,87.53800000000001,40.98610345379449,32,720,https://api.energy-charts.info/price?bzn=SE4&start=2024-01-01&end=2024-12-31,CC BY 4.0 (creativecommons.org/licenses/by/4.0) from Bundesnetzagentur | SMARD.de,0.03142022655138889,0.0015368051650000007,0.10183864537000001,0.04768179824452363,1.163365,https://data-api.ecb.europa.eu/service/data/EXR/M.USD.EUR.SP00.A?format=csvdata&startPeriod=2023-01&endPeriod=2026-12,2026-08-04,high
SE4,Sweden SE4,SE,supply-rich,2024-10,26.504287634408602,-0.24500000000000013,71.40500000000003,38.18336690550179,107,744,https://api.energy-charts.info/price?bzn=SE4&start=2024-01-01&end=2024-12-31,CC BY 4.0 (creativecommons.org/licenses/by/4.0) from Bundesnetzagentur | SMARD.de,0.03083416058380376,-0.00028502442500000013,0.08307007782500003,0.04442119264001909,1.163365,https://data-api.ecb.europa.eu/service/data/EXR/M.USD.EUR.SP00.A?format=csvdata&startPeriod=2023-01&endPeriod=2026-12,2026-08-04,high
SE4,Sweden SE4,SE,supply-rich,2024-11,73.028625,2.3670000000000004,148.36,62.2020584333842,41,720,https://api.energy-charts.info/price?bzn=SE4&start=2024-01-01&end=2024-12-31,CC BY 4.0 (creativecommons.org/licenses/by/4.0) from Bundesnetzagentur | SMARD.de,0.084958946323125,0.0027536849550000007,0.1725968314,0.07236369770935401,1.163365,https://data-api.ecb.europa.eu/service/data/EXR/M.USD.EUR.SP00.A?format=csvdata&startPeriod=2023-01&endPeriod=2026-12,2026-08-04,high
SE4,Sweden SE4,SE,supply-rich,2024-12,60.13577956989247,2.302,139.73400000000004,83.01946057795074,27,744,https://api.energy-charts.info/price?bzn=SE4&start=2024-01-01&end=2024-12-31,CC BY 4.0 (creativecommons.org/licenses/by/4.0) from Bundesnetzagentur | SMARD.de,0.06995986119932794,0.00267806623,0.16256164491000005,0.09658193475526765,1.163365,https://data-api.ecb.europa.eu/service/data/EXR/M.USD.EUR.SP00.A?format=csvdata&startPeriod=2023-01&endPeriod=2026-12,2026-08-04,high
SE4,Sweden SE4,SE,supply-rich,2025-01,66.33317204301075,5.547999999999999,141.48700000000005,58.50996050430485,16,744,https://api.energy-charts.info/price?bzn=SE4&start=2025-01-01&end=2025-12-31,CC BY 4.0 (creativecommons.org/licenses/by/4.0) from Bundesnetzagentur | SMARD.de,0.0771696906938172,0.006454349019999999,0.16460102375500005,0.06806844020209062,1.163365,https://data-api.ecb.europa.eu/service/data/EXR/M.USD.EUR.SP00.A?format=csvdata&startPeriod=2023-01&endPeriod=2026-12,2026-08-04,high
SE4,Sweden SE4,SE,supply-rich,2025-02,92.03806547619048,48.192,160.80199999999996,48.21241280276234,0,672,https://api.energy-charts.info/price?bzn=SE4&start=2025-01-01&end=2025-12-31,CC BY 4.0 (creativecommons.org/licenses/by/4.0) from Bundesnetzagentur | SMARD.de,0.10707386404270834,0.05606488608,0.18707141872999994,0.056088633620285606,1.163365,https://data-api.ecb.europa.eu/service/data/EXR/M.USD.EUR.SP00.A?format=csvdata&startPeriod=2023-01&endPeriod=2026-12,2026-08-04,high
SE4,Sweden SE4,SE,supply-rich,2025-03,55.1459811827957,1.809,134.91900000000007,51.03992543361351,38,744,https://api.energy-charts.info/price?bzn=SE4&start=2025-01-01&end=2025-12-31,CC BY 4.0 (creativecommons.org/licenses/by/4.0) from Bundesnetzagentur | SMARD.de,0.06415490439872312,0.0021045272850000003,0.15696004243500009,0.05937806285207578,1.163365,https://data-api.ecb.europa.eu/service/data/EXR/M.USD.EUR.SP00.A?format=csvdata&startPeriod=2023-01&endPeriod=2026-12,2026-08-04,high
SE4,Sweden SE4,SE,supply-rich,2025-04,53.25754166666667,1.2090000000000005,107.549,39.514419866643976,55,720,https://api.energy-charts.info/price?bzn=SE4&start=2025-01-01&end=2025-12-31,CC BY 4.0 (creativecommons.org/licenses/by/4.0) from Bundesnetzagentur | SMARD.de,0.06195795996104167,0.0014065082850000005,0.125118742385,0.04596969306815827,1.163365,https://data-api.ecb.europa.eu/service/data/EXR/M.USD.EUR.SP00.A?format=csvdata&startPeriod=2023-01&endPeriod=2026-12,2026-08-04,high
SE4,Sweden SE4,SE,supply-rich,2025-05,55.043615591397845,0.03,105.951,41.86320169901817,70,744,https://api.energy-charts.info/price?bzn=SE4&start=2025-01-01&end=2025-12-31,CC BY 4.0 (creativecommons.org/licenses/by/4.0) from Bundesnetzagentur | SMARD.de,0.06403581585248655,3.490095e-05,0.12325968511499999,0.04870218364457827,1.163365,https://data-api.ecb.europa.eu/service/data/EXR/M.USD.EUR.SP00.A?format=csvdata&startPeriod=2023-01&endPeriod=2026-12,2026-08-04,high
SE4,Sweden SE4,SE,supply-rich,2025-06,37.03583333333333,-0.16399999999999978,82.968,37.492095079671714,89,720,https://api.energy-charts.info/price?bzn=SE4&start=2025-01-01&end=2025-12-31,CC BY 4.0 (creativecommons.org/licenses/by/4.0) from Bundesnetzagentur | SMARD.de,0.04308619224583333,-0.00019079185999999976,0.09652206732,0.04361699119236229,1.163365,https://data-api.ecb.europa.eu/service/data/EXR/M.USD.EUR.SP00.A?format=csvdata&startPeriod=2023-01&endPeriod=2026-12,2026-08-04,high
SE4,Sweden SE4,SE,supply-rich,2025-07,41.46971774193548,4.647999999999999,74.886,29.320668832439626,6,744,https://api.energy-charts.info/price?bzn=SE4&start=2025-01-01&end=2025-12-31,CC BY 4.0 (creativecommons.org/licenses/by/4.0) from Bundesnetzagentur | SMARD.de,0.04824441818084677,0.005407320519999999,0.08711975138999999,0.03411063989625112,1.163365,https://data-api.ecb.europa.eu/service/data/EXR/M.USD.EUR.SP00.A?format=csvdata&startPeriod=2023-01&endPeriod=2026-12,2026-08-04,high
SE4,Sweden SE4,SE,supply-rich,2025-08,65.66970430107527,1.6479999999999997,111.005,45.89510875886247,36,744,https://api.energy-charts.info/price?bzn=SE4&start=2025-01-01&end=2025-12-31,CC BY 4.0 (creativecommons.org/licenses/by/4.0) from Bundesnetzagentur | SMARD.de,0.07639783554422043,0.0019172255199999997,0.129139331825,0.05339276320125404,1.163365,https://data-api.ecb.europa.eu/service/data/EXR/M.USD.EUR.SP00.A?format=csvdata&startPeriod=2023-01&endPeriod=2026-12,2026-08-04,high
SE4,Sweden SE4,SE,supply-rich,2025-09,64.07307986111111,4.9430000000000005,122.209,54.328444224092884,7,720,https://api.energy-charts.info/price?bzn=SE4&start=2025-01-01&end=2025-12-31,CC BY 4.0 (creativecommons.org/licenses/by/4.0) from Bundesnetzagentur | SMARD.de,0.07454037855262154,0.005750513195000001,0.142173673285,0.06320381051476182,1.163365,https://data-api.ecb.europa.eu/service/data/EXR/M.USD.EUR.SP00.A?format=csvdata&startPeriod=2023-01&endPeriod=2026-12,2026-08-04,high
SE4,Sweden SE4,SE,supply-rich,2025-10,64.83377016129032,3.1447499999999997,126.16000000000001,53.12686499742395,16,744,https://api.energy-charts.info/price?bzn=SE4&start=2025-01-01&end=2025-12-31,CC BY 4.0 (creativecommons.org/licenses/by/4.0) from Bundesnetzagentur | SMARD.de,0.0754253390236895,0.0036584920837499997,0.1467701284,0.06180593529772811,1.163365,https://data-api.ecb.europa.eu/service/data/EXR/M.USD.EUR.SP00.A?format=csvdata&startPeriod=2023-01&endPeriod=2026-12,2026-08-04,high
SE4,Sweden SE4,SE,supply-rich,2025-11,73.36455555555555,17.10975,141.983,59.02804335988761,11,720,https://api.energy-charts.info/price?bzn=SE4&start=2025-01-01&end=2025-12-31,CC BY 4.0 (creativecommons.org/licenses/by/4.0) from Bundesnetzagentur | SMARD.de,0.08534975617388889,0.01990488430875,0.165178052795,0.06867115966337564,1.163365,https://data-api.ecb.europa.eu/service/data/EXR/M.USD.EUR.SP00.A?format=csvdata&startPeriod=2023-01&endPeriod=2026-12,2026-08-04,high
SE4,Sweden SE4,SE,supply-rich,2025-12,59.54159946236559,3.52675,97.83600000000001,37.13913972130226,30,744,https://api.energy-charts.info/price?bzn=SE4&start=2025-01-01&end=2025-12-31,CC BY 4.0 (creativecommons.org/licenses/by/4.0) from Bundesnetzagentur | SMARD.de,0.06926861285853493,0.0041028975137499995,0.11381897814000001,0.0432063752818728,1.163365,https://data-api.ecb.europa.eu/service/data/EXR/M.USD.EUR.SP00.A?format=csvdata&startPeriod=2023-01&endPeriod=2026-12,2026-08-04,high
SE4,Sweden SE4,SE,supply-rich,2026-01,105.73905913978494,64.17075,155.94950000000006,40.47886862844982,0,744,https://api.energy-charts.info/price?bzn=SE4&start=2026-01-01&end=2026-12-31,CC BY 4.0 (creativecommons.org/licenses/by/4.0) from Bundesnetzagentur | SMARD.de,0.12301312053615591,0.07465400457375,0.18142619006750008,0.04709169900193652,1.163365,https://data-api.ecb.europa.eu/service/data/EXR/M.USD.EUR.SP00.A?format=csvdata&startPeriod=2023-01&endPeriod=2026-12,2026-08-04,high
SE4,Sweden SE4,SE,supply-rich,2026-02,106.56196800595238,59.831999999999994,148.51475,43.6248243234082,0,672,https://api.energy-charts.info/price?bzn=SE4&start=2026-01-01&end=2026-12-31,CC BY 4.0 (creativecommons.org/licenses/by/4.0) from Bundesnetzagentur | SMARD.de,0.12397046390924478,0.06960645467999999,0.17277686213375001,0.050751593749001775,1.163365,https://data-api.ecb.europa.eu/service/data/EXR/M.USD.EUR.SP00.A?format=csvdata&startPeriod=2023-01&endPeriod=2026-12,2026-08-04,high
SE4,Sweden SE4,SE,supply-rich,2026-03,78.78715725806451,8.248499999999998,143.4155,50.191922484820275,7,744,https://api.energy-charts.info/price?bzn=SE4&start=2026-01-01&end=2026-12-31,CC BY 4.0 (creativecommons.org/licenses/by/4.0) from Bundesnetzagentur | SMARD.de,0.09165822120352822,0.009596016202499998,0.1668445731575,0.058391525901552936,1.163365,https://data-api.ecb.europa.eu/service/data/EXR/M.USD.EUR.SP00.A?format=csvdata&startPeriod=2023-01&endPeriod=2026-12,2026-08-04,high
SE4,Sweden SE4,SE,supply-rich,2026-04,61.01422569444445,3.7917500000000004,121.5545,44.79970518405991,30,720,https://api.energy-charts.info/price?bzn=SE4&start=2026-01-01&end=2026-12-31,CC BY 4.0 (creativecommons.org/licenses/by/4.0) from Bundesnetzagentur | SMARD.de,0.07098181467501737,0.00441118923875,0.1414122508925,0.05211840902145386,1.163365,https://data-api.ecb.europa.eu/service/data/EXR/M.USD.EUR.SP00.A?format=csvdata&startPeriod=2023-01&endPeriod=2026-12,2026-08-04,high
SE4,Sweden SE4,SE,supply-rich,2026-05,87.34644825268818,5.7212499999999995,142.7825,52.53127377274181,33,744,https://api.energy-charts.info/price?bzn=SE4&start=2026-01-01&end=2026-12-31,CC BY 4.0 (creativecommons.org/licenses/by/4.0) from Bundesnetzagentur | SMARD.de,0.10161580077148857,0.006655902006249999,0.16610816311249998,0.06111304531262578,1.163365,https://data-api.ecb.europa.eu/service/data/EXR/M.USD.EUR.SP00.A?format=csvdata&startPeriod=2023-01&endPeriod=2026-12,2026-08-04,high
SE4,Sweden SE4,SE,supply-rich,2026-06,94.78773958333333,13.694250000000002,150.19875000000002,55.70911840697254,14,720,https://api.energy-charts.info/price?bzn=SE4&start=2026-01-01&end=2026-12-31,CC BY 4.0 (creativecommons.org/licenses/by/4.0) from Bundesnetzagentur | SMARD.de,0.11027273866036458,0.01593141115125,0.17473596879375003,0.06481003853552761,1.163365,https://data-api.ecb.europa.eu/service/data/EXR/M.USD.EUR.SP00.A?format=csvdata&startPeriod=2023-01&endPeriod=2026-12,2026-08-04,high
SE4,Sweden SE4,SE,supply-rich,2026-07,77.90927083333332,6.616499999999999,152.1175,58.48141984243874,1,744,https://api.energy-charts.info/price?bzn=SE4&start=2026-01-01&end=2026-12-31,CC BY 4.0 (creativecommons.org/licenses/by/4.0) from Bundesnetzagentur | SMARD.de,0.09063691886302082,0.0076974045225,0.1769681753875,0.06803523699499874,1.163365,https://data-api.ecb.europa.eu/service/data/EXR/M.USD.EUR.SP00.A?format=csvdata&startPeriod=2023-01&endPeriod=2026-12,2026-08-04,high
SE4,Sweden SE4,SE,supply-rich,2026-08,45.42779255319149,13.978500000000002,121.19125000000003,45.56998325843718,0,94,https://api.energy-charts.info/price?bzn=SE4&start=2026-01-01&end=2026-12-31,CC BY 4.0 (creativecommons.org/licenses/by/4.0) from Bundesnetzagentur | SMARD.de,0.05284910388364362,0.0162620976525,0.14098965855625,0.05301452357345177,1.163365,https://data-api.ecb.europa.eu/service/data/EXR/M.USD.EUR.SP00.A?format=csvdata&startPeriod=2023-01&endPeriod=2026-12,2026-08-04,high
